id,year,season,title,title_short1,twitter_account,public_url,sex,sequel
128,2013,4,ユリ熊嵐,ユリ熊嵐,yurikuma_anime,,0,0
1,2014,1,世界征服～謀略のズヴィズダー,ズヴィズダー,project_ssf,http://www.sekaiseifuku-zzz.com/,0,0
2,2014,1,ニセコイ,ニセコイ,nisekoi_k,http://www.nisekoi.jp/,0,0
3,2014,1,凪のあすから,凪あす,naginoasukara,http://nagiasu.jp/,0,0
4,2014,1,ストライク・ザ・ブラッド,ストブラ,stb_anime,http://www.strike-the-blood.com/,0,0
5,2014,1,魔法戦争,魔法戦争,anime_mahosen,http://www.tbs.co.jp/anime/mahosen/,0,0
6,2014,1,"Wake Up, Girls!",WUG,wakeupgirls_PR,http://wakeupgirls.jp/,0,0
7,2014,1,のうりん,のうりん,norin_anime,http://no-rin.tv/,0,0
8,2014,1,咲-Saki-全国編,咲,SakiAnime,http://www.saki-anime.com,0,0
9,2014,1,中二病でも恋がしたい！戀,中二病,anime_chu_2,http://www.anime-chu-2.com/,0,0
10,2014,1,ガンダムビルドファイターズ,ガンダムBF,buildfighters,http://gundam-bf.net/,0,0
11,2014,1,ログ・ホライズン,ログホラ,nhk_loghorizon,http://www3.nhk.or.jp/anime/loghorizon/,0,0
12,2014,1,キルラキル,キルラキル,kill_la_kill,http://www.kill-la-kill.jp/,0,0
13,2014,1,桜Trick,桜Trick,sakuratrick_pr,http://www.tbs.co.jp/anime/sakura/,0,0
14,2014,1,未確認で進行形,未確認,mikakunin_anime,http://www.mikakunin.jp/,0,0
15,2014,1,サムライフラメンコ,サムフラ,samumenco,http://www.samumenco.com/,0,0
16,2014,1,ウィッチクラフトワークス,ウィッチ,Witch_CW_anime,http://witch-cw-anime.jp,0,0
17,2014,1,生徒会役員共＊,生徒会,seitokai0428,http://www.starchild.co.jp/special/seitokai2/,0,0
18,2014,1,ノラガミ,ノラガミ,noragami_PR,http://noragami-anime.net,0,0
19,2014,1,銀の匙 Silver Spoon,銀の匙,ezono_official,http://www.ginsaji-anime.com,0,0
21,2014,2,魔法科高校の劣等生,劣等生,mahouka_anime,http://mahouka.jp,0,0
22,2014,2,ラブライブ! 第2期,ラブライブ!,LoveLive_staff,http://www.lovelive-anime.jp,0,0
23,2014,2,メカクシティアクターズ ,メカクシ,mekakushidan,http://www.mekakucityactors.com,0,0
24,2014,2,デート・ア・ライブII,デート・ア・ライブ,date_a_info,http://date-a-live-anime.com,0,0
25,2014,2,犬神さんと猫山さん,犬神さんと猫山さん,anime_inuneko,http://www.dreamcreation.co.jp/inuneko/,0,0
26,2014,2,ピンポン,ピンポン,pingpong_anime,http://www.pingpong-anime.tv,0,0
27,2014,2,ご注文はうさぎですか?,ごちうさ,usagi_anime,http://www.gochiusa.com,0,0
28,2014,2,龍ヶ嬢七々々の埋蔵金,龍ヶ嬢七々々の埋蔵金,nanana_tv,http://www.nanana.tv,0,0
29,2014,2,ノーゲーム・ノーライフ,ノーゲーム・ノーライフ,ngnl_anime,http://ngnl.jp,0,0
30,2014,2,彼女がフラグをおられたら,彼女がフラグをおられたら,gaworare_TV,http://www.gaworare-anime.com,0,0
31,2014,2,星刻の竜騎士,星刻の竜騎士,doragner_anime,http://www.seikokutv.com,0,0
32,2014,2,ジョジョの奇妙な冒険,ジョジョ,anime_jojo,http://jojo-animation.com,0,0
34,2014,2,ブレイドアンドソウル,,bns_official_jp,http://www.tbs.co.jp/anime/blade/,0,0
35,2014,2,僕らはみんな河合荘,河合荘,anime_kawaisou,http://www.tbs.co.jp/anime/kawaisou/,0,0
36,2014,2,悪魔のリドル,悪魔のリドル,akuma_riddle,http://akuma-riddle.com,0,0
37,2014,2,selector infected WIXOSS,selector,selector_anime,http://selector-wixoss.com,0,0
38,2014,2,健全ロボダイミダラー,ダイミダラー,midara_anime,http://www.penguin-empire.com,0,0
39,2014,2,神々の悪戯,,kamiaso_anime,http://www.kamiaso-anime.com/,0,0
40,2014,2,金色のコルダ Blue Sky,金色のコルダ,corda_anime,http://www.ntv.co.jp/corda/,0,0
41,2014,2,シドニアの騎士,シドニアの騎士,SIDONIA_anime,http://www.knightsofsidonia.com,0,0
42,2014,2,ブラック・ブレット,ブラブレ,tv_BKB,http://www.black-bullet.net/,0,0
43,2014,2,一週間フレンズ,,1weekfriends,http://oneweekfriends.com/index.html,0,0
44,2014,2,ハイキュー!!,ハイキュー!!,animehaikyu_com,http://www.j-haikyu.com/anime/index.html,0,0
45,2014,2,棺姫のチャイカ,チャイカ,ChaikaTrabant,http://chaika-anime.jp/,0,0
46,2014,2,キャプテン・アース,,CaptainEarth_PR,http://captain-earth.net/,0,0
47,2014,2,極黒のブリュンヒルデ,,gokukoku_anime,http://www.vap.co.jp/gokukoku/,0,0
48,2014,2,M３ ～ソノ黒キ鋼～,M３,M3_anime,http://www.m3-project.com/,0,0
49,2014,3,グラスリップ,グラスリップ,glasslip_anime,http://www.glasslip.jp/,0,0
50,2014,3,東京喰種,グール,tkg_anime,https://www.maql.co.jp/special/tokyoghoul/,0,0
51,2014,3,美少女戦士セーラームーンCrystal,セーラームーン,sailormoon_20th,http://sailormoon-official.com/,0,0
52,2014,3,さばげぶっ！,さばげぶ,sabagebu_anime,http://sabagebu.com/,0,0
53,2014,3,アカメが斬る！,アカメ,akame_tv,http://akame.tv/top.html,0,0
54,2014,3,ひめゴト,ひめゴト,himegoto_anime,http://www.himegoto-tv.jp/,0,0
55,2014,3,アオハライド,アオハライド,aoha_anime,http://aoha-anime.com/,0,0
56,2014,3,月刊少女野崎くん,野崎くん,nozaki_anime,http://www.nozakikun.tv/,0,0
57,2014,3,モモキュンソード,モモキュン,momokyun01,http://www.momokyun.com/,0,0
58,2014,3,ヤマノススメ セカンドシーズン,ヤマノススメ,yamanosusume,http://www.yamanosusume.com/,0,0
59,2014,3,LOVE STAGE!!,LOVE STAGE!!,LOVESTAGE_TV,http://lovestage-tv.jp/,0,0
60,2014,3,黒執事Book of Circus,黒執事,kuroshitsuji2,http://www.kuroshitsuji.tv/,0,0
61,2014,3,東京ESP,東京ESP,tokyoesp_anime,http://www.tokyo-esp.org/,0,0
62,2014,3,あいまいみー第二幕！,あいまいみー,anime_aimaimi,http://www.dreamcreation.co.jp/aimaimi/,0,0
63,2014,3,アルドノア・ゼロ,アルゼロ,aldnoahzero,http://www.aldnoahzero.com,0,0
64,2014,3,残響のテロル,残響のテロル,zankyono_terror,http://terror-in-tokyo.com/,0,0
65,2014,3,少年ハリウッド,少年ハリウッド,shohari_anime,http://www.starchild.co.jp/special/shonen-hollywood-anime/,0,0
66,2014,3,人生,人生,jinsei_anime,http://www.vap.co.jp/jinsei/,0,0
68,2014,3,スペース☆ダンディ シーズン2,スペース☆ダンディ,space_dandy,http://space-dandy.com/top.html,0,0
69,2014,3,精霊使いの剣舞,精霊使いの剣舞,blade_anime,http://www.bladedance.tv/,0,0
70,2014,3,戦国BASARA Judge End,戦国BASARA,basara_je,http://www.ntv.co.jp/basara_je/,0,0
71,2014,3,ソードアード・オンラインⅡ,ソードアード・オンライン,sao_anime,http://www.swordart-online.net/,0,0
72,2014,3,DRAMAtical Murder,ドラマダ,dmmd_TV_PR,http://dmmd-anime.com/,0,0
73,2014,3,幕末Rock,幕末Rock,bakumatsu69,http://bakumatsu.maql.co.jp/anime/,0,0
74,2014,3,ハナヤマタ,ハナヤマタ,hanayamata_PR,http://hanayamata.com/,0,0
75,2014,3,Re： ハマトラ,ハマトラ,hamatora_PR,http://hamatorapj.com/animation.html,0,0
76,2014,3,ばらかもん,ばらかもん,brkmn_anime,http://www.barakamon.jp/,0,0
77,2014,3,ペルソナ4 ザ・ゴールデン,ペルソナ4,P4_A,http://www.p4ga.jp/,0,0
78,2014,3,プリズマ☆イリヤ 2wei!,プリヤツヴァイ！,prisma_illya,http://anime.prisma-illya.jp/,0,0
79,2014,3,普通の女子校生が 【ろこどる】やってみた。,ろこどる,locodol_anime,http://www.tbs.co.jp/anime/locodol/,0,0
80,2014,3,フランチェスカ,フランチェスカ,francesca_hb,http://www.heart-bit.com/francesca/,0,0
81,2014,3,Free! Eternal Summer,Free! ,iwatobi_sc,http://iwatobi-sc.com/,0,0
82,2014,3,まじもじるるも,まじもじるるも,animerurumo,http://anime-rurumo.com/,0,0
83,2014,3,RAIL WARS!,RAIL WARS!,rw_anime,http://www.tbs.co.jp/anime/railwars/,0,0
84,2014,3,六畳間の侵略者！？,六畳間の侵略者,anime_6joma,http://corona106.tv/,0,0
85,2014,3,白銀の意思 アルジェヴォルン,アルジェヴォルン,ARGEVOLLEN,http://www.argevollen.com/,0,0
86,2014,4,天体のメソッド,天体のメソッド,sora_no_method,http://sora-no-method.jp/,0,0
87,2014,4,四月は君の嘘,四月は君の嘘,shigatsuhakimi,http://www.kimiuso.jp/,1,0
88,2014,4,Fate/stay night,Fate,Fate_SN_Anime,http://www.fate-sn.com/,0,0
89,2014,4,大図書館の羊飼い,大図書館,daito_anime,http://www.daito-anime.com/,0,0
90,2014,4,PSYCHO-PASS サイコパス 2,サイコパス,psychopass_tv,http://psycho-pass.com/,0,2
91,2014,4,甘城ブリリアントパーク,甘ブリ,amaburiANIME,http://www.tbs.co.jp/anime/amaburi/,0,0
92,2014,4,ログ・ホライズン(2期),ログホラ,nhk_loghorizon,http://www9.nhk.or.jp/anime/ronja/,0,2
93,2014,4,オレん家のフロ事情,オレフロ,orefuroTV,http://www.orefuro.jp/,1,0
94,2014,4,棺姫のチャイカ(2期),チャイカ,ChaikaTrabant,http://chaika-anime.jp/,0,2
95,2014,4,牙狼〈GARO〉-炎の刻印-,牙狼,anime_garo,http://garo-project.jp/ANIME/,0,0
96,2014,4,愛・天地無用！,天地無用,ai_tenchi,http://www.ai-tenchi.jp/,0,0
97,2014,4,テラフォーマーズ,テラフォーマーズ,_terraformars,http://terraformars.tv/,0,0
98,2014,4,デンキ街の本屋さん,デンキ街の本屋さん,anime_denkigai,http://umanohone.jp/,0,0
99,2014,4,弱虫ペダル GRANDE ROAD,弱虫ペダル,yowapeda_anime,http://yowapeda.com/,1,2
100,2014,4,Hi ☆ sCoool ! セハガール,セハガール,SHG_Official,http://shg.sega.jp/anime.html,0,0
101,2014,4,ガンダムビルドファイターズトライ,ビルドファイターズ,buildfighters,http://gundam-bf.net/,0,2
102,2014,4,繰繰れ！コックリさん,コックリさん,gugukoku_anime,http://www.gugukoku.com/,1,0
103,2014,4,selector spread WIXOSS,WIXOSS,selector_anime,http://selector-wixoss.com/,0,2
104,2014,4,ガンダム Gのレコンギスタ,レコンギスタ,gundam_reco,http://www.g-reco.net/,0,0
105,2014,4,トリニティセブン,トリニティセブン,TrinitySeven_PR,http://trinity-7.com/,0,0
106,2014,4,異能バトルは日常系のなかで,異能バトル,inou_PR,http://inou-anime.com/,0,0
107,2014,4,ガールフレンド（仮）,ガールフレンド,gf_anime,http://girlfriend-kari-anime.jp/,0,0
108,2014,4,弾の王と戦姫,弾の王と戦姫,madan_anime,http://madan-anime.jp/,0,0
109,2014,4,曇天に笑う,曇天に笑う,donten_pr,http://dontenniwarau.com/,1,0
110,2014,4,七つの大罪,七つの大罪,7_taizai,http://www.7-taizai.net/,0,0
111,2014,4,失われた未来を求めて,失われた未来を求めて,waremete_anime,http://ushinawareta-mirai.com/,0,0
112,2014,4,寄生獣 セイの格率,寄生獣,kiseiju_anime,http://www.kiseiju.jp/,0,0
113,2014,4,グリザイアの果実,グリザイア,grisaia_anime,http://www.grisaia-anime.com/,0,0
114,2014,4,結城友奈は勇者である,結城友奈,anime_yukiyuna,http://yuyuyu.tv/,0,0
115,2014,4,クロスアンジュ 天使と竜の輪舞,クロスアンジュ,anime_crossange,http://crossange.com/,0,0
116,2014,4,SHIROBAKO,SHIROBAKO,shirobako_anime,http://www.shirobako-anime.com/,0,0
117,2014,4,俺、ツインテールになります。,俺ツイ,ore_twi_anime,http://www.tbs.co.jp/anime/ore_twi/,0,0
118,2014,4,オオカミ少女と黒王子,黒王子,ookamishojo_tv,http://www.ookamishojo-anime.jp/,1,0
119,2014,4,ワールドトリガー,ワールドトリガー,Anime_W_Trigger,http://www.toei-anim.co.jp/tv/wt/,0,0
120,2014,4,神撃のバハムート GENESIS,神撃のバハムート,bahamut_genesis,http://shingekinobahamut-genesis.jp/,0,0
121,2014,4,旦那が何を言っているかわからない件,ダンナ,anime_danna,http://www.dreamcreation.co.jp/danna/,0,0
122,2014,4,蟲師 続章 (後半エピソード),蟲師,mushishi_anime,http://www.mushishi-anime.com/,1,3
123,2014,4,暁のヨナ,暁のヨナ,yona_anime,http://www.marv.jp/special/yona/,1,0
124,2015,1,幸腹グラフィティ,,koufuku_g,http://www.tbs.co.jp/anime/koufuku_g/,0,0
125,2015,1,銃皇無尽のファフニール,ファフニール,fafnir_anime,http://cont.lanove.kodansha.co.jp/9906/21524.html,0,0
126,2015,1,冴えない彼女の育てかた,冴えカノ,saenai_heroine,http://www.saenai.tv/,0,0
127,2015,1,暗殺教室,暗殺教室,ansatsu_anime,http://ansatsu-anime.com/,0,0
129,2015,1,探偵歌劇ミルキィホームズTD,ミルキィホームズ,milkyholmes,http://milky-holmes-anime.com/td/,0,4
130,2015,1,艦隊これくしょん -艦これ-,艦これ,anime_KanColle,http://kancolle-anime.jp/,0,0
131,2015,1,アイドルマスターシンデレラガールズ,モバマス,imas_anime,http://imas-cinderella.com/,0,0
132,2015,1,ジョジョの奇妙な冒険 スターダストクルセイダース,ジョジョの奇妙な冒険,anime_jojo,http://jojo-animation.com/,0,1
133,2015,1,アルドノア・ゼロ(後半),アルドノア・ゼロ,aldnoahzero,http://www.aldnoahzero.com/,0,1
134,2015,1,少年ハリウッド-HOLLY STAGE FOR 50-,少年ハリウッド,shohari_anime,http://www.starchild.co.jp/special/shonen-hollywood-anime/,0,1
135,2015,1,デュラララ!!×２,デュラララ,drrr_anime,http://www.durarara.com/,1,1
136,2015,1,蒼穹のファフナー EXODUS,蒼穹のファフナー,fafnerproject,http://fafner-exodus.jp/,0,1
137,2015,1,純潔のマリア,純潔のマリア,JunketsuMariaTV,http://www.junketsu-maria.tv/,0,0
138,2015,1,美男高校地球防衛部LOVE!,美男高校地球防衛部LOVE!,boueibu,http://boueibu.com/,0,0
139,2015,1,聖剣使いの禁呪詠唱＜ワールドブレイク＞,聖剣使いの禁呪詠唱,warubure,http://warubure-anime.com/,0,0
140,2015,1,DOG DAYS″,DOG DAYS,dogdays_anime,http://www.dogdays.tv/,0,1
141,2015,1,血液型くん！2,血液型くん！,ketsuekigatakun,http://ketsuekigatakun.com/,1,1
142,2015,1,ISUCA,ISUCA,isuca_official,http://isuca.net/,0,0
143,2015,1,東京喰種トーキョーグール√A,東京喰種,tkg_anime,http://www.marv.jp/special/tokyoghoul/,0,1
144,2015,1,黒子のバスケ 第3期,黒子のバスケ,kurobasanime,http://www.kurobas.com/,0,1
145,2015,1,アブソリュート・デュオ,アブソリュート・デュオ,abso_official,http://absoluteduo.com/,0,0
146,2015,1,新妹魔王の契約者(テスタメント) ,新妹魔王の契約者,shinmaimaou,http://anime-shinmaimaou.com/,0,0
147,2015,1,ローリング☆ガールズ,ローリング☆ガールズ,therollinggirls,http://rollinggirls.com/,0,0
148,2015,1,夜ノヤッターマン,夜ノヤッターマン,yoru_yatterman,http://yatterman.jp/,0,0
149,2015,1,みんな集まれ！ファルコム学園SC,ファルコム学園,falgaku_anime,http://www.fal-gaku.com/,0,1
150,2015,1,神様はじめました◎,神様はじめました,mikagesha,http://mikagesha.com/,1,1
151,2015,1,戦国無双,,sengoku_musou,http://www.tv-tokyo.co.jp/anime/sengokumusou/index2.html,0,0
152,2015,1,デス・パレード,デス・パレード,dp_anime,http://www.deathparade.jp/,1,0
153,2015,1,美少女戦士セーラームーンCrystal 2期,美少女戦士セーラームーンCrystal,sailormoon_20th,http://sailormoon-official.com/animation/,1,2
154,2015,2,バトルスピリッツ烈火魂(バーニングソウル),バトルスピリッツ,bs_animation,http://www.sunrise-inc.co.jp/battlespirits7/,0,0
155,2015,2,旦那が何を言っているかわからない件 2スレ目,旦那が何を言っているかわからない件,anime_danna,http://www.dreamcreation.co.jp/danna/,0,2
156,2015,2,長門有希ちゃんの消失,,yukichan_anime,http://www.yukichan-anime.com/,0,0
157,2015,2,VAMPIRE HOLMES(ヴァンパイアホームズ),ヴァンパイアホームズ,VAMPIRE_HOLMES,http://www.cucuri.co.jp/holmes.html,1,0
158,2015,2,境界のRINNE,境界のRINNE,nhk_rinne,http://www9.nhk.or.jp/anime/rinne/,0,0
159,2015,2,電波教師,電波教師,denpa_kyoshi,http://www.ytv.co.jp/denpa/index.html,0,0
160,2015,2,終わりのセラフ,終わりのセラフ,owarino_seraph,http://owarino-seraph.jp/,0,0
161,2015,2,プラスティック・メモリーズ,プラスティック・メモリーズ,pla_memo,http://www.plastic-memories.jp/,0,0
162,2015,2,てさぐれ！部活もの すぴんおふ プルプルんシャルムと遊ぼう,てさぐれ！部活もの,tesabu,http://www.ntv.co.jp/tesapuru/,0,2
163,2015,2,アルスラーン戦記,アルスラーン戦記,arslan_anime,http://www.arslan.jp/,0,0
164,2015,2,ベイビーステップ 第2シリーズ,ベイビーステップ,nhk_babysteps,http://www9.nhk.or.jp/anime/babysteps/index.html,1,2
165,2015,2,SHOW BY ROCK!!,SHOW BY ROCK!!,SB69A,http://showbyrock-anime.com/,0,0
166,2015,2,ハロー!!きんいろモザイク,きんいろモザイク,kinmosa_anime,http://www.kinmosa.com/,0,2
167,2015,2,銀魂゜,銀魂,gintamamovie,http://www.tv-tokyo.co.jp/anime/gintama/index2.html,1,4
168,2015,2,えとたま,えとたま,etotama_anime,http://etotama.com/,0,0
169,2015,2,パンチライン,パンチライン,punchline_pj,http://www.punchline.jp/,0,0
170,2015,2,浦和の調ちゃん,浦和の調ちゃん,urawa_usagi,http://urawa-usagi.com/,0,0
171,2015,2,うたの☆プリンスさまっ♪ マジLOVEレボリューションズ,うたプリ,utapri_official,http://utapri.tv/,1,3
172,2015,2,俺物語!!,俺物語,anime_ore,http://www.anime-ore.jp/,1,0
173,2015,2,ガンスリンガー ストラトス,ガンスト,guns_project_17,http://www.guns-project.jp/,0,0
174,2015,2,グリザイアの迷宮・楽園,グリザイア,grisaia_anime,http://www.grisaia-anime.com/,0,2
175,2015,2,血界戦線,血界戦線,kekkaisensen,http://kekkaisensen.com/,0,0
176,2015,2,食戟のソーマ,ソーマ,shokugeki_anime,http://shokugekinosoma.com/,0,0
177,2015,2,ダンジョンに出会いを求めるのは間違っているだろうか,ダンまち,danmachi_anime,http://danmachi.com/,0,0
178,2015,2,てーきゅう(第4期),てーきゅう,te_kyu,http://te-kyu.com/,0,4
179,2015,2,トリアージX(イクス),トリアージX(イクス),triagex,http://triagex-anime.jp/,0,0
180,2015,2,ニセコイ：,ニセコイ,nisekoi_k,http://www.nisekoi.jp/,0,2
181,2015,2,ニンジャスレイヤー フロムアニメイシヨン,ニンジャスレイヤー,NJSLYR_anime,http://www.ninjaslayer-animation.com/,0,0
182,2015,2,ハイスクールDxD BorN,ハイスクールDxD,hdd_anime,http://www.haremking.tv/,0,3
183,2015,2,響け！ユーフォニアム,ユーフォニアム,anime_eupho,http://anime-eupho.com/,0,0
184,2015,2,Fate/stay night [UBW] 2ndシーズン,Fate/stay night [UBW] ,Fate_SN_Anime,http://www.fate-sn.com/,0,2
185,2015,2,プリパラ 2期,プリパラ 新シリーズ,pripara_PR,http://www.tv-tokyo.co.jp/anime/pripara/index2.html,0,2
186,2015,2,放課後のプレアデス,放課後のプレアデス,sbr_gx,http://sbr-gx.jp/onair/,0,0
187,2015,2,魔法少女リリカルなのはViVid,なのはViVid,vivid_tv,http://nanoha-vivid.tv/,0,0
188,2015,2,やはり俺の青春ラブコメはまちがっている。続,俺ガイル,anime_oregairu,http://www.tbs.co.jp/anime/oregairu/,0,2
189,2015,2,山田くんと7人の魔女,山田くんと7人の魔女,yamajo_anime,http://www.yamajo-anime.com/,0,0
190,2015,2,レーカン！,レーカン,re_kan_anime,http://www.tbs.co.jp/anime/re-kan/,0,0
191,2015,2,ロボットガールズZプラス,ロボットガールズ,robot_girls_z,http://www.robot-girlsz.com/,0,2
192,2015,2,シドニアの騎士 第九惑星戦役,シドニアの騎士,SIDONIA_anime,http://www.knightsofsidonia.com/,0,2
193,2015,2,ミカグラ学園組曲,,mikaguragakuen,http://mikagura-gakuen.com/,0,0
194,2015,3,おくさまが生徒会長！,おくさまが生徒会長！,anime_okusama,http://www.dreamcreation.co.jp/okusama/,0,0
195,2015,3,ケイオスドラゴン 赤竜戦役,ケイオスドラゴン,chaosdragon_red,http://chaosdragon.red/,0,0
196,2015,3,乱歩奇譚 Game of Laplace,乱歩奇譚,rampokitan,http://www.rampokitan.com/,1,0
197,2015,3,青春×機関銃,,aoharu_anime,http://www.tbs.co.jp/anime/aoharu/,1,0
198,2015,3,城下町のダンデライオン,ダンデライオン,dande_anime,http://www.tbs.co.jp/anime/dande/,0,0
199,2015,3,うしおととら,うしおととら,Ushitora_TV,http://ushitora.tv/,0,0
200,2015,3,ミス・モノクローム-The Animation-(第2期),ミス・モノクローム,monochro_staff,http://www.starchild.co.jp/special/miss_monochrome_anime/,0,2
201,2015,3,うーさーのその日暮らし 夢幻編,うーさーのその日暮らし,PR_wooser,http://wooser.tv/,0,3
202,2015,3,わかば＊ガール,わかばガール,wakaba_anime,http://wakabagirl.com/,0,0
203,2015,3,Classroom☆Crisis,クラ☆クラ,clcr_project,http://www.classroom-crisis.com/,0,0
204,2015,3,デュラララ!!×2 転,デュラララ!!,drrr_anime,http://www.durarara.com/,1,3
205,2015,3,WORKING!!!,WORKING,Wagnaria,http://www.wagnaria.com/,0,3
206,2015,3,六花の勇者,六花の勇者,rokka_anime,http://rokka-anime.jp/,0,0
207,2015,3,VENUS PROJECT ―CLIMAX―,VENUS PROJECT,formula_venus,http://vproject.jp/anime/,0,0
208,2015,3,ワカコ酒,ワカコ酒,anime_wakakozak,http://www.wakakozake.jp/,0,0
209,2015,3,ゴッドイーター,ゴッドイーター,god_eater_anime,http://anime.godeater.jp/,0,0
210,2015,3,ガッチャマン クラウズ インサイト,ガッチャマン クラウズ,GATCHAMANCrowds,http://www.ntv.co.jp/GC_insight/,0,2
211,2015,3,To LOVEる-とらぶる-ダークネス 2nd,To LOVEる-とらぶる-ダークネス,toloveru_com,http://www.j-toloveru.com/,0,2
212,2015,3,赤髪の白雪姫,赤髪の白雪姫,akagami_anime,http://clarines-kingdom.com/,1,0
213,2015,3,てーきゅう(第5期),てーきゅう,te_kyu,http://te-kyu.com/,0,5
214,2015,3,実は私は,実は私は,jitsuwata_anime,http://jitsuwata.tv/,0,0
215,2015,3,のんのんびより りぴーと,のんのんびより,nonnontv,http://www.nonnontv.com/,0,2
216,2015,3,ミリオンドール,ミリオンドール,million_doll,http://milliondoll.com/,0,0
217,2015,3,それが声優！,それが声優,soresei_anime,http://soregaseiyu.com/,0,0
218,2015,3,ビキニ・ウォリアーズ,ビキニ・ウォリアーズ,bikiniwarriors,http://bikini-warriors.com/anime/,0,0
219,2015,3,空戦魔導士候補生の教官,空戦魔導士,kusen_official,http://ku-sen.jp/,0,0
220,2015,3,干物妹！うまるちゃん,うまるちゃん,umaru_anime,http://umaru-ani.me/,0,0
221,2015,3,がっこうぐらし,がっこうぐらし,gakkou_gurashi,http://gakkougurashi.com/index.html,0,0
222,2015,3,だんちがい,だんちがい,anime_danchi,http://www.dreamcreation.co.jp/danchigai/,0,0
223,2015,3,アイドルマスター シンデレラガールズ 2nd SEASON,シンデレラガールズ,imas_anime,http://imas-cinderella.com/,0,2
224,2015,3,Fate/kaleid liner プリズマイリヤ ツヴァイ ヘルツ！,プリズマイリヤ,prisma_illya,http://anime.prisma-illya.jp/,0,3
225,2015,3,GATE 自衛隊 彼の地にて、斯く戦えり,ゲート,gate_anime,http://www.gate-anime.com/,0,0
226,2015,3,ドラゴンボール超,ドラゴンボール,DB_super2015,http://www.toei-anim.co.jp/tv/dragon_s/,0,4
227,2015,3,枕男子,枕男子,makuranodanshi,http://makuranodanshi.com/,1,0
228,2015,3,純情ロマンチカ3,純情ロマンチカ,marukawashoten,http://suzukisan.info/,1,3
229,2015,3,モンスター娘のいる日常,モン娘,monmusu_tv,http://monmusu.tv/,0,0
230,2015,3,GANGSTA.,ギャングスタ,GANGSTA_Project,http://gangsta-project.com/,0,0
231,2015,3,Charlotte(シャーロット),シャーロット,Charlotte_AB_,http://charlotte-anime.jp/,0,0
232,2015,3,監獄学園(プリズンスクール),プリズンスクール,prison_anime,http://prison-anime.com/,0,0
233,2015,3,アクエリオンロゴス,アクエリオンロゴス,AQlogos,http://aqlogos.com/,0,0
234,2015,3,下ネタという概念が存在しない退屈な世界,下セカ,shimoseka,http://www.shimoseka.com/top.html,0,0
235,2015,3,戦姫絶唱シンフォギアGX,シンフォギア,SYMPHOGEAR,http://www.symphogear-gx.com/,0,3
236,2015,3,ヘタリア The World Twinkle,ヘタリア,animehetalia,http://hetalia.com/twt/,1,6
237,2015,3,オーバーロード,オーバーロード,over_lord_anime,http://overlord-anime.com/,0,0
238,2015,4,"DIABOLIK LOVERS MORE,BLOOD",DIABOLIK LOVERS,anime_dialover,http://anime-dialover.com/dlmb/,1,0
239,2015,4,ヤング ブラック・ジャック,ブラック・ジャック,anime_ybj,http://www.tbs.co.jp/anime/ybj/,0,0
240,2015,4,ルパン三世,ルパン三世,lupinIII_4th,http://lupin-new-season.jp/,0,4
241,2015,4,ランス・アンド・マスクス,ランスアンドマスクス,anime_lance,http://www.tbs.co.jp/anime/lance/,0,0
242,2015,4,ハッカドール THE あにめ～しょん,ハッカドール,Hackadoll_anime,http://hackadoll-anime.com/,0,0
243,2015,4,影鰐 KAGEWANI,影鰐,anime_kagewani,http://kagewani.com/,0,0
244,2015,4,ヘヴィーオブジェクト,ヘヴィーオブジェクト,ho_anime,http://heavyobject.net/,0,0
245,2015,4,ノラガミ ARAGOTO,ノラガミ,noragami_pr,http://noragami-anime.net/,1,2
246,2015,4,K RETURN OF KINGS,,anime_k11,http://k-project-come-back.jpn.com/,1,2
247,2015,4,蒼穹のファフナー EXODUS(2期),蒼穹のファフナー EXODUS,fafnerproject,http://fafner-exodus.jp/,0,2
248,2015,4,金田一少年の事件簿R(2期),金田一少年の事件簿R,animekindaichiR,http://www.ytv.co.jp/kindaichi_r/,0,2
249,2015,4,学戦都市アスタリスク,アスタリスク,asterisk_war,http://asterisk-war.com/,0,0
250,2015,4,落第騎士の英雄譚,落第騎士,ittoshura,http://www.ittoshura.com/,0,0
251,2015,4,終物語,madogatari,nisioisin_anime,http://www.monogatari-series.com/owarimonogatari/,0,6
252,2015,4,うたわれるもの 偽りの仮面,うたわれるもの,UtawareOfficial,http://utawarerumono.jp/,0,0
253,2015,4,進撃！巨人中学校,巨人中学校,anime_kyojinchu,http://kyojinchu.tv/,0,0
254,2015,4,ハイキュー!! セカンドシーズン,ハイキュー!!,animehaikyu_com,http://www.j-haikyu.com/anime/index.html,1,2
255,2015,4,機動戦士ガンダム 鉄血のオルフェンズ,鉄血のオルフェンズ,g_tekketsu,http://g-tekketsu.com/,0,0
256,2015,4,温泉幼精ハコネちゃん,ハコネちゃん,onsenyosei,http://www.hakone-chan.jp/,0,0
257,2015,4,雨色ココア Rainy Colorへようこそ！(第2期),雨色ココア,rainy_cocoa,http://rainycocoa.jp/anime/,1,2
258,2015,4,小森さんは断れない！,小森さんは断れない,komori_anime,http://komori-anime.com/,0,0
259,2015,4,コメット・ルシファー,コメットルシファー,cometlucifer,http://comet-lucifer.jp/,0,0
260,2015,4,コンクリート・レボルティオ～超人幻想～,コンクリート・レボルティオ,conrevoinfo,http://concreterevolutio.com/,0,0
261,2015,4,ワンパンマン,ワンパンマン,opm_anime,http://onepunchman-anime.net/,0,0
262,2015,4,スタミュ,スタミュ,hstar_mu,http://hstar-mu.com/,1,0
263,2015,4,てーきゅう 6期,てーきゅう,te_kyu,http://te-kyu.com/,0,6
264,2015,4,おそ松さん,おそ松,osomatsu_PR,http://osomatsusan.com/,0,0
265,2015,4,ゆるゆり さん☆ハイ！,ゆるゆり,anime_yuruyuri,http://yuruyuri.com/3hai/,0,3
266,2015,4,緋弾のアリアAA,緋弾のアリア,ariaAA_anime,http://ariaaa.tv/,0,2
267,2015,4,DD北斗の拳2,DD北斗の拳,DDhokuto_anime,http://ddhokuto.com/,0,2
268,2015,4,北斗の拳イチゴ味,北斗の拳イチゴ味,hokuto_15aji,http://www.hikanukobinukaeriminuteiounitousouhanainodaaaaa.com/,0,0
269,2015,4,俺がお嬢様学校に「庶民サンプル」としてゲッツ♥された件,庶民サンプル,anime_syomin,http://syominsample-anime.jp/,0,0
270,2015,4,Dance with Devils,ダンデビ,DwD_info,http://dwd-anime.com/,1,0
271,2015,4,不思議なソメラちゃん,ソメラちゃん,anime_somera,http://www.dreamcreation.co.jp/somera/,0,0
272,2015,4,櫻子さんの足下には死体が埋まっている,櫻子さん,SakurakoKujo,http://sakurakosan.jp/,0,0
273,2015,4,対魔導学園35試験小隊,35小隊,35shoutai_info,http://35shoutai.jp/,0,0
274,2015,4,すべてがFになる THE PERFECT INSIDER,すべてがFになる,f_noitamina,http://www.f-noitamina.com/,0,0
275,2015,4,新妹魔王の契約者 BURST,新妹魔王の契約者,shinmaimaou,http://anime-shinmaimaou.com/,0,2
276,2015,4,ご注文はうさぎですか？？,ご注文はうさぎですか,usagi_anime,http://www.gochiusa.com/,0,2
277,2015,4,終わりのセラフ 名古屋決戦編,終わりのセラフ,owarino_seraph,http://owarino-seraph.jp/index.html,1,2
278,2015,4,ヴァルキリードライヴ マーメイド,ヴァルキリードライヴ,valkyriedrive,http://valkyriedrive.jp/anime/,0,0
279,2015,4,ワールドトリガー 逃亡者編,ワールドトリガー,Anime_W_Trigger,http://www.tv-asahi.co.jp/worldtrigger/,1,2
280,2015,4,血液型くん！3,血液型くん！,ketsuekigatakun,http://ketsuekigatakun.com/,1,3
281,2016,1,機動戦士ガンダム サンダーボルト,サンダーボルト,gundam_tb,http://gundam-tb.net/,0,0
282,2016,1,プリンス・オブ・ストライド オルタナティブ,プリスト,posa_anime,http://pos-a.jp/,1,0
283,2016,1,無彩限のファントム・ワールド,ファントム・ワールド,anime_PW,http://phantom-world.com/,0,0
284,2016,1,ハルチカ〜ハルタとチカは青春する〜,ハルチカ,haruta_chika,http://haruchika-anime.jp/,0,0
285,2016,1,ノルン＋ノネット,ノルン＋ノネット,norn9_anime,http://norn9-nonet.com/,1,0
286,2016,1,アクティヴレイド －機動強襲室第八係－,アクティヴレイド,activeraid,http://activeraid.net/,0,0
287,2016,1,少女たちは荒野を目指す,しょこめざ,shokomeza,http://shokomeza.com/,0,0
288,2016,1,僕だけがいない街,僕街,bokumachi_anime,http://bokumachi-anime.com/,0,0
289,2016,1,おじさんとマシュマロ,おじマシュ,anime_ojms,http://www.dreamcreation.co.jp/ojimasyu/,0,0
290,2016,1,ファンタシースターオンライン2 ジ アニメーション,ファンタシースターオンライン2,ANIME_PSO2,http://phantasystar.sega.jp/psportal/pso15anniversary/animation/,0,0
291,2016,1,だがしかし,だがしかし,anime_dagashi,http://www.tbs.co.jp/anime/dagashi/,0,0
292,2016,1,暗殺教室(第2期),暗殺教室,ansatsu_anime,http://ansatsu-anime.com/,0,2
293,2016,1,ディバインゲート,ディバゲ,divine_anime,http://www.marv.jp/special/divinegate/,0,0
294,2016,1,おしえて！ギャル子ちゃん,ギャル子ちゃん,galko_official,http://galko.jp/,0,0
295,2016,1,石膏ボーイズ,いしぼ,sekkoboys,http://sekkoboys.com/,1,0
296,2016,1,霊剣山 星屑たちの宴,霊剣山,Reikenzan,http://reikenzan.net/,0,0
297,2016,1,GATE 自衛隊 彼の地にて、斯く戦えり(2期),GATE,gate_anime,http://gate-anime.com/,0,2
298,2016,1,昭和元禄落語心中,落語心中,rakugoshinju,http://rakugo-shinju-anime.jp/,1,0
299,2016,1,紅殻のパンドラ,紅殻のパンドラ,kpandora_anime,http://www.k-pandora.com/,0,0
300,2016,1,ブブキ・ブランキ,ブブキ,bbkbrnk,http://bbkbrnk.com/,0,0
301,2016,1,ラクエンロジック,ラクロジ,luck_and_logic,http://luckandlogic-animation.com/,0,0
302,2016,1,デュラララ!!×2 結,デュラララ!!×2,drrr_anime,http://www.durarara.com/,1,4
303,2016,1,ナースウィッチ小麦ちゃんR,ナースウィッチ小麦ちゃん,KomugichanR,http://www.ntv.co.jp/komugir/,0,0
304,2016,1,虹色デイズ,虹色デイズ,rainbow_days_tv,http://rainbow-days.tv/,1,0
305,2016,1,大家さんは思春期！,大家さんは思春期,ooyasan_anime,http://www.ooyasan-anime.com/,0,0
306,2016,1,Dimension W,Dimension W,Dimension_W,http://dimension-w.net/,0,0
307,2016,1,灰と幻想のグリムガル,グリムガル,grimgar_anime,http://grimgar.com/,0,0
308,2016,1,シュヴァルツェスマーケン,シュヴァケン,schwaken_anime,http://schwarzesmarken-anime.jp/,0,0
309,2016,1,最弱無敗の神装機竜(バハムート),最弱無敗の神装機竜,saijaku_anime,http://saijaku.jp/,0,0
310,2016,1,赤髪の白雪姫(第2期),赤髪の白雪姫,akagami_anime,http://clarines-kingdom.com/,1,2
311,2016,1,てーきゅう(第7期),てーきゅう,te_kyu,http://te-kyu.com/,0,7
312,2016,1,魔法少女なんてもういいですから。,まほいい,mouii_desukara,http://mouiidesukara.com/,0,0
313,2016,1,蒼の彼方のフォーリズム,フォーリズム,aokana_TVanime,http://aokana-anime.com/,0,0
314,2016,1,この素晴らしい世界に祝福を！,このすば,konosubaanime,http://konosuba.com/,0,0
315,2016,1,亜人,亜人,anime_ajin,http://www.ajin.net/,0,0
316,2016,1,FAIRY TAIL ZERO,フェアリーテイル,fairytail_PR,http://fairytail-tv.com/,0,2
317,2016,1,ももくり,ももくり,momokuri_anime,http://momokuri-anime.jp/,0,0
318,2016,1,この男子、魔法がお仕事です。,この男,konodan_project,http://www.konodan.com/wizard,1,0
319,2016,1,SUSHI POLICE,スシポリス,SushiPoliceJP,http://sushi-police.com/,0,0
320,2016,1,血液型くん！4,血液型くん,ketsuekigatakun,http://ketsuekigatakun.com/,1,4
321,2016,2,迷家‐マヨイガ‐,迷家,mayoiga_project,http://mayoiga.tv/,0,0
322,2016,2,宇宙パトロールルル子,ルル子,s_p_luluco,http://luluco.tv/,0,0
323,2016,2,機動戦士ガンダムユニコーン RE:0096,ユニコーン,gundam_unicorn,http://www.gundam-unicorn.net/,0,1
324,2016,2,影鰐-KAGEWANI-承,影鰐,anime_kagewani,http://kagewani.com/,0,3
325,2016,2,ぼのぼの,ぼのぼの,BONOBONO_phx,http://www.bonoanime.jp/,0,0
326,2016,2,フューチャーカード バディファイト トリプルディー,バディファイト,buddyfight,http://fc-buddyfight.com/,0,3
327,2016,2,逆転裁判,逆転裁判,anime_gyakuten,http://www.ytv.co.jp/animegyakuten/,0,0
328,2016,2,学戦都市アスタリスク 2nd SEASON,アスタリスク,asterisk_war,http://asterisk-war.com/,0,2
329,2016,2,僕のヒーローアカデミア,ヒーローアカデミア,heroaca_anime,http://heroaca.com/,0,0
330,2016,2,マクロス⊿,マクロス,macrossD,http://macross.jp/,0,0
331,2016,2,コンクリート・レボルティオ～超人幻想～THE LAST SONG,コンクリート・レボルティオ,conrevoinfo,http://concreterevolutio.com/,0,2
332,2016,2,くまみこ,くまみこ,kmmk_anime,http://kmmk.tv/,0,0
333,2016,2,怪盗ジョーカー(シーズン3),怪盗ジョーカー,mjoker_anime,http://s.mxtv.jp/joker/,0,3
334,2016,2,ばくおん!!,ばくおん,bakuon_anime,http://bakuon-anime.com/,0,0
335,2016,2,聖戦ケルベロス 竜刻のファタリテ,聖戦ケルベロス,cerberus_anime,http://cerberus-anime.jp/,0,0
336,2016,2,ハンドレッド,ハンドレッド,hundred_PR,http://hundred-anime.jp/,0,0
337,2016,2,薄桜鬼～御伽草子～,薄桜鬼御伽草子,hakuoki_otogi,http://www.hakuoki-otogi.com/,0,1
338,2016,2,ジョーカー・ゲーム,ジョーカー・ゲーム,jokergame_anime,http://jokergame.jp/,0,0
339,2016,2,双星の陰陽師,双星,sousei_PR,http://www.sousei-anime.jp/,0,0
340,2016,2,SUPER LOVERS,スパラヴァ,SUPERLOVERSinfo,http://superlovers-anime.com/,1,0
341,2016,2,鬼斬,鬼斬,onigiri_anime,http://www.onigiri-anime.com/,0,0
342,2016,2,文豪ストレイドッグス,ストレイドッグス,bungosd_anime,http://bungo-stray-dogs.jp/,0,0
343,2016,2,あんハピ♪,あんハピ,annehappy_anime,http://anne-happy.com/,0,0
344,2016,2,クロムクロ,クロムクロ,KUROMUKURO_UNKL,http://kuromukuro.com/,0,0
345,2016,2,ネトゲの嫁は女の子じゃないと思った？,ネトゲ嫁,netoge_anime,http://netogenoyome.com/,0,0
346,2016,2,甲鉄城のカバネリ,カバネリ,anime_kabaneri,http://kabaneri.com/,0,0
347,2016,2,少年メイド,少年メイド,ShonenMaid,http://www.tbs.co.jp/anime/meido/,0,0
348,2016,2,坂本ですが？,坂本ですが？,sakamoto_anime,http://www.tbs.co.jp/anime/sakamoto/,0,0
349,2016,2,田中くんはいつもけだるげ,たなけだ,tanaka_anime,http://tanakakun.tv/,0,0
350,2016,2,キズナイーバー,キズナイーバー,kiznaiver,http://kiznaiver.jp/,0,0
351,2016,2,はいふり,ハイスクール・フリート,hai_furi,http://www.hai-furi.com/,0,0
352,2016,2,ふらいんぐうぃっち,ふらいんぐうぃっち,flying_tv,http://www.flyingwitch.jp/,0,0
353,2016,2,とんかつDJアゲ太郎,アゲ太郎,tonkatsu_DJ,http://tonkatsudj.tokyo/,0,0
354,2016,2,三者三葉,三者三葉,sansya_anime,http://sansyasanyou.com/,0,0
355,2016,2,うさかめ,うさかめ,nemumiwo,http://nemumi.com/,0,0
356,2016,2,マギ シンドバッドの冒険,マギ,project_magi,http://www.project-magi.com/sinbad/,0,1
357,2016,2,Re：ゼロから始める異世界生活,リゼロ,Rezero_official,http://re-zero-anime.jp/,0,0
358,2016,2,うしおととら(第3クール),うしおととら,Ushitora_TV,http://ushitora.tv/,0,3
359,2016,2,ワガママハイスペック,ワガハイ,wagamamahs,http://whanime.com/,0,0
360,2016,2,ジョジョの奇妙な冒険 ダイヤモンドは砕けない,ジョジョ,anime_jojo,http://jojo-animation.com/,0,4
361,2016,2,テラフォーマーズ リベンジ,テラフォーマーズ,_terraformars,http://terraformars.tv/,0,2
362,2016,2,プリパラ(3rdシーズン),プリパラ,pripara_PR,http://www.tv-tokyo.co.jp/anime/pripara/,0,3
363,2016,2,エンドライド,エンドライド,endride_anime,http://anime.endride.jp/,0,0
364,2016,2,ビッグオーダー,ビッグオーダー,mirai_nikki,http://www.future-diary.tv/bo/,0,0
365,2016,3,ReLIFE,リライフ,ReLIFE_anime,http://relife-anime.com/,0,0
366,2016,3,不機嫌なモノノケ庵,モノノケ庵,mononokean_tv,http://mononokean.tv/,1,0
367,2016,3,ぐらP＆ろで夫,ぐらP＆ろで夫,grap_rodeo,http://grap-rodeo.net/,0,2
368,2016,3,ベルセルク,ベルセルク,berserk_anime,http://berserk-anime.com/,0,0
369,2016,3,Thunderbolt Fantasy 東離劍遊紀,東離劍遊紀,TBF_PR,http://www.thunderboltfantasy.com/,0,0
370,2016,3,一人之下 the outcast,一人之下,hitorinoshita,http://hitorinoshita.com/,0,0
371,2016,3,食戟のソーマ 弐ノ皿 ,食戟のソーマ,shokugeki_anime,http://shokugekinosoma.com/,0,2
372,2016,3,ラブライブ！サンシャイン!!,ラブライブ,LoveLive_staff,http://www.lovelive-anime.jp/uranohoshi/,0,3
373,2016,3,初恋モンスター,初恋モンスター,hatsukoi_M,http://hatsukoimonster.jp/,1,0
374,2016,3,B-PROJECT～鼓動＊アンビシャス～,Bプロ,Bpro_info,http://bpro-anime.com/,1,0
375,2016,3,DAYS,DAYS,days_anime,http://days-project.jp/,1,0
376,2016,3,Rewrite,Rewrite,rewrite_tv,http://www.rewrite-anime.tv/,0,0
377,2016,3,アルスラーン戦記 風塵乱舞,アルスラーン戦記,arslan_anime,http://arslan.jp/2/,1,2
378,2016,3,テイルズ オブ ゼスティリア ザ クロス,ゼスティリア,TOZtheX,http://toz-thex-anime.tales-ch.jp/,0,0
379,2016,3,orange,orange,AnimationOrange,http://orange-anime.com/,1,0
380,2016,3,斉木楠雄のΨ難,斉Ψ,saikikusuo_PR,http://www.saikikusuo.com/,0,0
381,2016,3,ばなにゃ,ばなにゃ,bananya_anime,http://www.bananya-anime.com/,0,0
382,2016,3,NEW GAME!,NEW GAME!,nganime,http://newgame-anime.com/,0,0
383,2016,3,SHOW BY ROCK!!(ショウバイロック!!) しょ～と!!,SHOW BY ROCK,SB69A,http://showbyrock-anime.com/short/,0,2
384,2016,3,甘々と稲妻,甘々と稲妻,gidogakure,http://www.amaama.jp/,0,0
385,2016,3,D.Gray-man HALLOW,dgrayman,dgrayman_anime,http://dgrayman-anime.com/,1,0
386,2016,3,タブー・タトゥー,タブー・タトゥー,tabootattoo_ani,http://tabootattoo-anime.com/,0,0
387,2016,3,腐男子高校生活,腐男子高校生活,anime_fudanshi,http://www.dreamcreation.co.jp/fudanshi/,1,0
388,2016,3,SERVAMP‐サーヴァンプ‐,サーヴァンプ,anime_servamp,http://www.servamp.jp/,1,0
389,2016,3,チア男子!!,チア男子,cheer_boys,http://www.cheer-boys.com/,1,0
390,2016,3,スカーレッドライダーゼクス,スカーレッドライダーゼクス,SRX_LAG_PR,http://scared-rider-xechs.jp/pr/,1,0
391,2016,3,魔装学園HxH(ハイブリッドハート),ハイブリッドハート,masouhhanime,http://www.masou-hh.com/,0,0
392,2016,3,Fate/kaleid liner プリズマイリヤ ドライ!!,プリズマイリヤ,prisma_illya,http://anime.prisma-illya.jp/3rei/,0,4
393,2016,3,ツキウタ。 THE ANIMATION,ツキウタ,tsukiani_info,http://tsukiani.com/,1,0
394,2016,3,OZMAFIA!!,OZMAFIA,OZMAFIAanime,http://anime.ozmafia.com/,1,0
395,2016,3,planetarian～ちいさなほしのゆめ～,planetarian,planetarian_pj,http://planetarian-project.com/,0,0
396,2016,3,レガリア The Three Sacred Stars,レガリア,regalia_anime,http://regalia-anime.com/,0,0
397,2016,3,はんだくん,はんだくん,handaanime,http://www.tbs.co.jp/anime/handaanime/,1,0
398,2016,3,この美術部には問題がある！,この美,konobi_anime,http://www.tbs.co.jp/anime/konobi/,0,0
399,2016,3,美男高校地球防衛部LOVE! LOVE!,美男高校地球防衛部,boueibu,http://boueibu.com/,1,2
400,2016,3,あまんちゅ,あまんちゅ,amanchu_anime,http://amanchu-anime.com/,0,0
401,2016,3,ねじ巻き精霊戦記 天鏡のアルデラミン,アルデラミン,alderamin_anime,http://alderamin.net/,0,0
402,2016,3,91Days,91デイズ,TV91Days,http://91days.family/,1,0
403,2016,3,クオリディア・コード,クオリディア,QUALIDEACODE,http://qualidea.jp/,0,0
404,2016,3,アンジュ・ヴィエルジュ,アンジュ・ヴィエルジュ,ange_anime,http://ange-vierge-anime.com/,0,0
405,2016,3,アクティヴレイド -機動強襲室第八係- 2nd,アクティヴレイド,activeraid,http://activeraid.net/,0,2
406,2016,3,ダンガンロンパ3 The End of 希望ヶ峰学園,ダンガンロンパ,dangan_official,http://www.nbcuni.co.jp/anime/danganronpa3/,0,3
407,2016,3,モブサイコ100,モブサイコ,mobpsycho_anime,http://mobpsycho100.com/,0,0
408,2016,3,バッテリー,バッテリー,battery_anime,http://battery-anime.com/,1,0
411,2016,4,ドリフェス！,ドリフェス,dfes_official,http://www.dream-fes.com/anime/,1,0
413,2016,4,怪獣娘(かいじゅうがーるず)～ウルトラ怪獣擬人化計画～,怪獣娘,ultrakaiju_gk,http://kaiju-gk.jp/anime/,0,0
414,2016,4,デジモンユニバース アプリモンスターズ：アプモン,アプモン,appmon_official,http://www.toei-anim.co.jp/tv/appmon/,0,0
415,2016,4,タイムボカン24(トゥエンティーフォー),タイムボカン24,timebokan_24,http://www.ytv.co.jp/timebokan24/,0,0
416,2016,4,Bloodivores(ブラッディヴォーレス),Bloodivores,bloodivores,http://bloodivores.com/,0,0
417,2016,4,ブブキ・ブランキ 星の巨人,ブブキ・ブランキ,bbkbrnk,http://bbkbrnk.com/,0,2
418,2016,4,終末のイゼッタ,終末のイゼッタ,izetta2016,http://izetta.jp/,0,0
419,2016,4,WWW.WORKING!!,WORKING,Wagnaria,http://working-www.com/,0,4
420,2016,4,魔法少女育成計画,魔法少女育成計画,mahoiku_anime,http://mahoiku.jp/,0,0
421,2016,4,Vivid Strike!,Vivid,vivid_strike_,http://vivid-strike.com/,0,0
422,2016,4,うたの☆プリンスさまっ♪マジLOVEレジェンドスター,うたの☆プリンスさまっ,utapri_official,http://utapri.tv/,1,4
423,2016,4,タイガーマスクW,タイガーマスク,TigerMaskW,http://www.toei-anim.co.jp/tv/tigermask_w/,0,0
424,2016,4,こねこのチー ポンポンらー大冒険,チーズスイートホーム,chi_ssweethome,http://chissweethome.com/,0,0
425,2016,4,モンスターハンターストーリーズ　RIDE ON,モンスターハンターストーリーズ,MHST_RIDEON,http://www.mh-stories-rideon.jp/,0,0
426,2016,4,カードファイト!!ヴァンガードG NEXT,カードファイト!!ヴァンガードG,cfvanguard_PR,http://cf-vanguard.com/information/tgs2016_vg_stage/,0,2
427,2016,4,機動戦士ガンダム 鉄血のオルフェンズ(第2期),鉄血のオルフェンズ,g_tekketsu,http://www.g-tekketsu.com/,0,2
428,2016,4,SHOW BY ROCK!!＃,SHOW BY ROCK,SB69A,http://showbyrock-anime.com/,0,3
429,2016,4,おくさまが生徒会長!+!,おくさまが生徒会長,anime_okusama,http://www.dreamcreation.co.jp/okusama/,0,2
430,2016,4,マジきゅんっ！ルネッサンス,マジきゅんっ,magic_kyun,http://www.magic-kyun.jp/,1,0
431,2016,4,刀剣乱舞-花丸-,刀剣乱舞,touken_hanamaru,http://touken-hanamaru.jp/,1,0
432,2016,4,アイドルメモリーズ,アイドルメモリーズ,idolmemories_PR,http://idol-memories.com/,0,0
433,2016,4,あおおに ～じ・あにめぇしょん～,あおおに,aooni_anime,http://aooni-anime.com/tv/,0,0
434,2016,4,12歳。～ちっちゃなムネのトキメキ～ セカンドシーズン,12歳,12sai_PR,http://www.shogakukan.co.jp/pr/12sai/,1,2
435,2016,4,ステラのまほう,ステラのまほう,magicofstella_a,http://magicofstella.com/,0,0
436,2016,4,学園ハンサム,学園ハンサム,animehandsome,http://penet.co.jp/animehandsome/,1,0
437,2016,4,TRICKSTER -江戸川乱歩「少年探偵団」より-,TRICKSTER,trickster_anime,http://trickster-project.com/anime/,1,0
438,2016,4,侍霊演武 SOUL BUSTER,侍霊演武,SOULBUSTER_,http://soulbuster.jp/,0,0
439,2016,4,信長の忍び,信長の忍び,shinobinobunaga,http://nobunaga-no-shinobi.com/,0,0
440,2016,4,装神少女まとい,装神少女,matoi_anime,http://www.matoi-anime.com/,0,0
441,2016,4,夏目友人帳 伍,夏目友人帳,NatsumeYujincho,http://www.natsume-anime.jp/,1,5
442,2016,4,美少女遊戯ユニット クレーンゲール Galaxy,美少女遊戯,cranegamegirls,http://cranegale.com/,0,0
443,2016,4,ナンバカ,ナンバカ,nanbaka_tv,https://nanbaka.tv/,1,0
444,2016,4,ナゾトキネ,ナゾトキネ,nazotokine,http://nazotokine.com/,0,0
445,2016,4,てーきゅう 8期,てーきゅう,te_kyu,http://te-kyu.com/,0,8
446,2016,4,奇異太郎少年の妖怪絵日記,奇異太郎少年,kiitaro_anime,http://kiitarou.jp/,0,0
447,2016,4,魔法少女なんてもういいですから。 セカンドシーズン,魔法少女なんてもういいですから,mouii_desukara,http://mouiidesukara.com/,0,2
448,2016,4,あにトレ！XX～ひとつ屋根の下で～,あにトレ,anitore_ex,http://anime-training.com/,0,2
449,2016,4,響け！ユーフォニアム2,響け！ユーフォニアム,anime_eupho,http://anime-eupho.com/,0,2
450,2016,4,文豪ストレイドッグス 第2クール,文豪ストレイドッグス,bungosd_anime,http://bungo-stray-dogs.jp/,1,2
451,2016,4,ブレイブウィッチーズ,ブレイブウィッチーズ,w_witch_anime,http://w-witch.jp/,0,0
452,2016,4,ユーリ!!! on ICE,ユーリ,yurionice_PR,http://yurionice.com/,1,0
453,2016,4,フリップフラッパーズ,フリップフラッパーズ,FLIP_FLAPPERS,http://www.flipflappers.com/,0,0
454,2016,4,競女!!!!!!!!,競女,keijo_anime,http://keijollllllll.com/,0,0
455,2016,4,ALL OUT!!,ALL OUT,allout_anime,http://allout-anime.com/,1,0
456,2016,4,バーナード嬢曰く。,バーナード嬢曰く,anime_bernard,http://www.dreamcreation.co.jp/bernard/,0,0
457,2016,4,私がモテてどうすんだ,私がモテてどうすんだ,anime_watamote,http://www.tbs.co.jp/anime/watamote/,1,0
458,2016,4,ガーリッシュ ナンバー,ガーリッシュ ナンバー,gn_staff,http://www.tbs.co.jp/anime/gn/,0,0
459,2016,4,DRIFTERS(ドリフターズ),ドリフターズ,DriftersAnime,http://www.nbcuni.co.jp/rondorobe/anime/drifters/,0,0
460,2016,4,Lostorage incited WIXOSS,WIXOSS,wixoss_anime,http://lostorage-wixoss.com/,0,2
461,2016,4,ハイキュー!! 烏野高校 VS 白鳥沢学園高校,ハイキュー,animehaikyu_com,http://www.j-haikyu.com/anime/,1,3
462,2016,4,亜人 第2クール,亜人,anime_ajin,http://www.ajin.net/,0,2
463,2016,4,クラシカロイド,クラシカロイド,nhkclassicaloid,http://www9.nhk.or.jp/anime/classica/,0,0
464,2016,4,ろんぐらいだぁす！,ろんぐらいだぁす,animelongriders,http://anime-longriders.com/,0,0
465,2016,4,3月のライオン,3月のライオン,3lion_anime,http://www.nhk.or.jp/anime/3lion/,0,0
466,2016,4,Occultic;Nine-オカルティック・ナイン-,オカルティック・ナイン,occultic_nine,http://www.occultic-nine.com/,0,0
467,2016,4,戦国鳥獣戯画,戦国鳥獣戯画,SENGOKUCHOJYU,http://www.kbc.co.jp/scg/,0,0
468,2016,4,うどんの国の金色毛鞠,うどんの国,udonnokuni_tv,http://www.udonnokuni-anime.jp/,1,0
469,2016,4,はがねオーケストラ,はがねオーケストラ,haganeokstr,http://hagane-orchestra.jp/,0,0
470,2016,4,舟を編む,舟を編む,funewoamu_anime,http://www.funewoamu.com/,1,0
471,2016,4,雨色ココア-Rainy color Waikiki-,雨色ココア,rainy_cocoa,http://rainycocoa.jp/anime/,1,3
472,2016,4,ルガーコード 1951,ルガーコード,animax_seiyuu,http://www.animax.co.jp/luger-code,0,0
473,2016,4,怪盗ジョーカー シーズン4,怪盗ジョーカー,mjoker_anime,http://s.mxtv.jp/joker/,0,4
475,2017,1,ちょぼらうにょぽみ劇場第三幕 あいまいみー～Surgical Friends～,あいまいみ,anime_aimaimi,http://www.dreamcreation.co.jp/aimaimi3/,0,3
478,2017,1,超・少年探偵団NEO,少年探偵団NEO,tanteidan_NEO,http://shonentanteidan-neo.com/anime/,0,0
479,2017,1,AKIBA’S TRIP -THE ANIMATION-,AKIBA’S TRIP,akibastripanime,http://akibastrip-anime.com/,0,0
480,2017,1,ナンバカ(第2期),ナンバカ,nanbaka_tv,http://nanbaka.tv/,0,2
481,2017,1,政宗くんのリベンジ,政宗くん,masamune_tv,http://masamune-tv.com/,0,0
482,2017,1,うらら迷路帖,うらら迷路帖,urarameiro,http://www.tbs.co.jp/anime/urara/,0,0
483,2017,1,セイレン,セイレン,anime_seiren,http://www.tbs.co.jp/anime/seiren/,0,0
484,2017,1,幼女戦記,幼女戦記,youjosenki,http://youjo-senki.jp/,0,0
485,2017,1,風夏,風夏,fuuka_anime,http://fuuka.tv/,0,0
486,2017,1,南鎌倉高校女子自転車部,南鎌倉高校女子自転車部,minakama_anime,http://minakama-anime.jp/,0,0
487,2017,1,スクールガールストライカーズ Animation Channel,スクスト,sgs_anime,http://sgs-anime.com/,0,0
488,2017,1,青の祓魔師 京都不浄王篇,青の祓魔師,aoex_anime,http://www.ao-ex.com/,1,2
489,2017,1,昭和元禄落語心中―助六再び篇―,昭和元禄落語心中,rakugoshinju,http://rakugo-shinju-anime.jp/,1,2
490,2017,1,亜人(デミ)ちゃんは語りたい,デミちゃんは語りたい,demichan_anime,http://demichan.com/,0,0
491,2017,1,霊剣山 叡智への資格,霊剣山,Reikenzan,http://reikenzan.net/,0,2
492,2017,1,にゃんこデイズ,にゃんこデイズ,nyanko_days,http://nyanko-days.com/,0,0
493,2017,1,チェインクロニクル ヘクセイタスの閃(ひかり),チェインクロニクル,ChroAnime,http://chronicle-anime.sega-net.com/,0,0
494,2017,1,テイルズ オブ ゼスティリア ザ クロス(第2期),テイルズ オブ ゼスティリア ザ クロス,TOZtheX,http://toz-thex-anime.tales-ch.jp/,0,2
495,2017,1,アイドル事変,アイドル事変,idol_jihen,http://idoljihen.jp/anime/,0,0
496,2017,1,リトルウィッチアカデミア,リトルウィッチアカデミア,LWA_jp,http://tv.littlewitchacademia.jp/,0,1
497,2017,1,銀魂 (第4期),銀魂,gintamamovie,http://www.tv-tokyo.co.jp/anime/gintama/index2.html,0,4
499,2017,1,ガヴリールドロップアウト,ガヴリールドロップアウト,gabdroanime,http://gabdro.com/,0,0
500,2017,1,ちるらん にぶんの壱,ちるらん にぶんの壱,chiruran_anime,http://www.chiruran.jp/,1,0
501,2017,1,弱虫ペダル NEW GENERATION,弱虫ペダル,yowapeda_anime,http://yowapeda.com/,1,3
502,2017,1,鬼平,鬼平,onihei_anime,http://onihei-anime.com/,1,0
503,2017,1,ACCA13区監察課,ACCA13区監察課,ACCA_anime,http://acca-anime.com/,1,0
504,2017,1,けものフレンズプロジェクト,けものフレンズ,kemo_anime,http://kemono-friends.jp/,0,0
505,2017,1,ハンドシェイカー,ハンドシェイカー,hs_p_info,http://project-hs.net/,0,0
506,2017,1,ピアシェ～私のイタリアン～,ピアシェ～,piace_anime,http://piace-anime.com/,0,0
507,2017,1,CHAOS;CHILD,CHAOS;CHILD,chaoch_anime,http://chaoschildanime.com/,0,0
508,2017,1,小林さんちのメイドラゴン,小林さんち,maidragon_anime,http://maidragon.jp/,0,0
509,2017,1,この素晴らしい世界に祝福を！2,この素晴らしい世界に祝福を！,konosubaanime,http://konosuba.com/,0,2
510,2017,1,SUPER LOVERS 2,SUPER LOVERS,SUPERLOVERSinfo,http://superlovers-anime.com/,1,2
511,2017,1,MARGINAL#4 KISSから創造るBig Bang,MARGINAL#4,marginal4_anime,http://marginal4-anime.com/,1,0
512,2017,1,クズの本懐,クズの本懐,kuzunohonkai_tv,http://www.kuzunohonkai.com/,0,0
513,2017,1,BanG Dream!(バンドリ),バンドリ,bang_dream_info,http://bang-dream.com/,0,0
515,2017,1,One Room,One Room,anime_one_room,http://oneroom-anime.com/,0,0
516,2017,1,戦国鳥獣戯画～乙～,戦国鳥獣戯画,SENGOKUCHOJYU,http://www.kbc.co.jp/scg/,0,2
517,2017,1,Rewrite 2ndシーズン(Moon編・Terra編),Rewrite,rewrite_tv,http://www.rewrite-anime.tv/,0,2
518,2017,1,エルドライブ【ēlDLIVE】,エルドライブ,eldlive_tv,http://eldlive.tv/,0,0
519,2017,2,機動戦士ガンダム サンダーボルト 第2シーズン,サンダーボルト,gundam_tb,http://gundam-tb.net/,0,2
520,2017,2,僕のヒーローアカデミア(第2期),ヒーローアカデミア,heroaca_anime,http://heroaca.com/,0,2
521,2017,2,フューチャーカード バディファイト バッツ,バディファイト,buddyfight,http://fc-buddyfight.com/,0,4
522,2017,2,進撃の巨人 Season 2,進撃の巨人,anime_shingeki,http://shingeki.tv/season2/,0,2
523,2017,2,グランブルーファンタジー ジ・アニメーション,グランブルーファンタジー,anime_gbf,http://anime.granbluefantasy.jp/,0,0
524,2017,2,モンストアニメ セカンドシーズン(アニメ モンスターストライク),モンスト,monst_riex,http://anime.monster-strike.com/,0,2
525,2017,2,銀の墓守り(ガーディアン),銀の墓守り,ginno_guardian,http://ginno-guardian.jp/,0,0
526,2017,2,アリスと蔵六,アリスと蔵六,alicetozouroku,http://alicetozouroku.com/,0,0
527,2017,2,つぐもも,つぐもも,tsugumomo_anime,http://tsugumomo.com/,0,0
528,2017,2,僧侶と交わる色欲の夜に…,僧侶と交わる色欲の夜に,souryo_anime,http://soryo.w-anime.com/,1,0
529,2017,2,ベイブレードバースト 神(ゴッド),ベイブレード,beyblade_info,http://www.tv-tokyo.co.jp/anime/beyblade/,0,2
530,2017,2,アキンド星のリトル・ペソ,リトル・ペソ,LINE_PESO_JP,https://peso.game.line.me/anime/,0,0
531,2017,2,スタミュ 第2期,スタミュ,hstar_mu,http://hstar-mu.com/,1,2
532,2017,2,フレームアームズ・ガール,フレームアームズ,fagirl_official,http://www.fagirl.com,0,0
533,2017,2,アイドルマスター シンデレラガールズ劇場,シンデレラガールズ,cingeki_anime,http://cingeki-anime.com/,0,0
534,2017,2,ロクでなし魔術講師と禁忌教典(アカシックレコード),ロクでなし魔術講師と禁忌教典,rokudenashi_tv,http://rokuaka.jp/,0,0
535,2017,2,王室教師ハイネ,王室教師ハイネ,heine_PR,http://heine-royal.com/,1,0
536,2017,2,BORUTO-ボルト- NARUTO NEXT GENERATIONS,BORUTO,NARUTOtoBORUTO,http://www.tv-tokyo.co.jp/anime/boruto/,0,2
537,2017,2,ラブ米(ラブコメ)-WE LOVE RICE-,ラブ米,lovekome_anime,http://love-kome.com/,1,0
538,2017,2,サクラダリセット,サクラダリセット,sagrada_anime,http://sagrada-anime.com/,0,0
539,2017,2,武装少女マキャヴェリズム,武装少女,machiave_anime,http://machiavellism-anime.jp/,0,0
540,2017,2,サクラクエスト,サクラクエスト,manoyama_PR,http://sakura-quest.com/,0,0
541,2017,2,月がきれい,月がきれい,tsukigakirei_tv,http://tsukigakirei.jp/,0,0
542,2017,2,クロックワーク・プラネット,クロックワーク,ClockworkAnime,http://www.tbs.co.jp/anime/cp/,0,0
543,2017,2,カブキブ！,カブキブ,kabukibu,http://www.tbs.co.jp/anime/kabukibu/,1,0
544,2017,2,恋愛暴君,恋愛暴君,boukun_PR,http://renaiboukun.com/,0,0
545,2017,2,ひなこのーと,ひなこのーと,hinakonote,http://hinakonote.jp/,0,0
546,2017,2,正解するカド KADO: The Right Answer,正解するカド,Seikaisuru_Kado,http://seikaisuru-kado.com/,1,0
547,2017,2,神撃のバハムート VIRGIN SOUL,神撃のバハムート,baha_virginsoul,https://shingekinobahamut-virginsoul.jp/,0,2
548,2017,2,信長の忍び～伊勢・金ヶ崎篇～,信長の忍び,shinobinobunaga,http://nobunaga-no-shinobi.com/,0,2
549,2017,2,ID-0,ID-0,ID_0_anime,http://id-zero.com/,0,0
550,2017,2,ベルセルク 第2期,ベルセルク,berserk_anime,http://berserk-anime.com/,0,2
551,2017,2,境界のRINNE 第3シリーズ,境界のRINNE,nhk_rinne,http://www.nhk.or.jp/anime/rinne/,0,3
552,2017,2,有頂天家族２,有頂天家族,Uchoten2_Anime,http://uchoten2-anime.com/,0,2
553,2017,2,覆面系ノイズ,覆面系ノイズ,fukumenkeianime,http://fukumenkei-anime.jp/,1,0
554,2017,2,喧嘩番長 乙女-Girl Beats Boys-,喧嘩番長,kbo_anime,http://kbo-anime.com/,1,0
555,2017,2,RoomMate,RoomMate,anime_one_room,http://oneroom-anime.com/,1,2
556,2017,2,冴えない彼女の育てかた♭,冴えない彼女の育てかた,saenai_heroine,http://www.saenai.tv/,0,2
557,2017,2,sin 七つの大罪,七つの大罪,7sins_tv,http://www.7-sins.tv/,0,0
558,2017,2,ソード・オラトリア,ソード・オラトリア,danmachi_anime,http://danmachi.com/sword_oratoria/,0,2
559,2017,2,トミカハイパーレスキュー ドライブヘッド 機動救急警察,トミカハイパーレスキュー,tbs_dh,http://www.tbs.co.jp/anime/drivehead/,0,0
560,2017,2,アトム ザ・ビギニング,アトム ザ・ビギニング,atomtb_anime,http://atom-tb.com/,0,0
561,2017,2,ゼロから始める魔法の書,ゼロから始める魔法の書,zeronosyo,http://zeronosyo.com/,0,0
562,2017,2,終末なにしてますか？ 忙しいですか？ 救ってもらっていいですか？,終末なにしてますか,sukasuka_anime,http://sukasuka-anime.com/,0,0
563,2017,2,遊☆戯☆王VRAINS(ヴレインズ),遊戯王,yugioh_anime,http://www.tv-tokyo.co.jp/anime/yugioh-vrains/,0,8
564,2017,2,ツインエンジェルBREAK,ツインエンジェル,TA_Official,http://twinangel-break.com/,0,0
565,2017,2,エロマンガ先生,エロマンガ先生,oreimo_eromanga,http://eromanga-sensei.com/,0,0
566,2017,2,Re:CREATORS(レクリエイターズ),レクリエイターズ,recreators_tv,http://recreators.tv/,0,0
567,2017,2,まけるな!! あくのぐんだん!,あくのぐんだん,akunogundan,http://akunogundan.com/,0,0
568,2017,2,夏目友人帳 陸,夏目友人帳,NatsumeYujincho,http://www.natsume-anime.jp/,1,6
569,2017,2,アイカツスターズ！(星のツバサ),アイカツスターズ,aikatsu_anime,http://www.aikatsu.net/,0,2
572,2017,3,ひなろじ ～from Luck & Logic～,ひなろじ,HinaLogic,http://hinalogic.com/,0,0
573,2017,3,縁結びの妖狐ちゃん,縁結びの妖狐ちゃん,enmusuyouko,http://enmusuyouko.com/,0,0
574,2017,3,賭ケグルイ,賭ケグルイ,kakegurui_anime,http://kakegurui-anime.com/,0,0
575,2017,3,Fate/Apocrypha,アポクリファ,FateApocryphaTV,http://fate-apocrypha.com/,0,0
576,2017,3,活撃 刀剣乱舞,刀剣乱舞,katsugekitouken,http://katsugeki-touken.com/,0,0
577,2017,3,戦姫絶唱シンフォギアAXZ,戦姫絶唱シンフォギアAXZ,SYMPHOGEAR,http://www.symphogear-axz.com/,0,4
578,2017,3,ナイツ＆マジック,ナイツ＆マジック,naitsuma_anime,http://knights-magic.com/,0,0
579,2017,3,潔癖男子！青山くん,潔癖男子,megane_sinsi_z,http://kda-anime.com/,0,0
580,2017,3,バトルガール ハイスクール,バトガ,bgirl_colopl,http://colopl.co.jp/battlegirl-hs/anime/,0,0
581,2017,3,スカートの中はケダモノでした,スカケダ,sukakeda_anime,http://skirt.w-anime.com/,0,0
583,2017,3,妖怪アパートの幽雅な日常,妖アパ,YouapaAnime,http://youapa-anime.jp/,0,0
584,2017,3,恋と嘘,恋と嘘,anime_koiuso,http://koiuso-anime.com/,0,0
585,2017,3,異世界食堂,異世界食堂,nekoya_PR,http://isekai-shokudo.com/,0,0
586,2017,3,無責任ギャラクシー☆タイラー,タイラー,anime_musekinin,http://dreamcreation.co.jp/musekinin/,0,0
587,2017,3,アホガール,アホガール,ahogirl_anime,http://ahogirl.jp/,0,0
588,2017,3,徒然チルドレン,徒然チルドレン,tsuredure_anime,http://tsuredure-project.jp/,0,0
589,2017,3,捏造トラップ−NTR−,捏造トラップ,NetsuzouTRap,http://netsuzoutrap.com/,0,0
590,2017,3,最遊記RELOAD BLAST,最遊記,saiyuki_rb,http://saiyuki-rb.jp/,0,0
591,2017,3,ナナマル サンバツ,ナナマル サンバツ,7o3x_anime,http://7o3x.com/,0,0
592,2017,3,DIVE!!,DIVE!!,dive_anime,http://www.dive-anime.com/,0,0
593,2017,3,アクションヒロイン チアフルーツ,チアフルーツ,cfru_tokisai,http://www.tbs.co.jp/anime/cfru/,0,0
594,2017,3,コンビニカレシ,コンビニカレシ,cvk_kd,http://www.tbs.co.jp/anime/konbini/,0,0
595,2017,3,メイドインアビス,メイドインアビス,miabyss_anime,http://miabyss.com/,0,0
596,2017,3,18if,18if,18if_anime,http://18if.jp/,0,0
597,2017,3,地獄少女 宵伽,地獄少女,jigokuanime,http://www.jigokushoujo.com/,0,4
598,2017,3,将国のアルタイル,将国のアルタイル,pj_altair,http://project-altair.com/,0,0
599,2017,3,バチカン奇跡調査官,奇跡調査官,kisekichosakan,http://kisekichosakan.jp/,0,0
600,2017,3,ひとりじめマイヒーロー,ひとりじめマイヒーロー,myhero_pr,http://hitorijime-myhero.com/,0,0
601,2017,3,ボールルームへようこそ,ボールルームへようこそ,ballroom_anime,http://ballroom-official.jp/,0,0
602,2017,3,セントールの悩み,セントールの悩み,Centaur_anime,http://centaur-anime.com/,0,0
603,2017,3,プリンセス・プリンシパル,プリンセス・プリンシパル,pripri_anime,http://www.pripri-anime.jp/,0,0
604,2017,3,NEW GAME!!,NEW GAME!!,nganime,http://newgame-anime.com/,0,2
605,2017,3,カイトアンサ,カイトアンサ,kaitoansa,http://kaitoansa.com/,0,0
606,2017,3,天使の3P！,天使の3P！,tenshi3p_anime,http://www.tenshi-no-3p.com/,0,0
607,2017,3,異世界はスマートフォンとともに。,異世界はスマートフォンとともに,isesumaofficial,http://isesuma-anime.jp/,0,0
608,2017,3,魔法陣グルグル,魔法陣グルグル,magical_grgr,http://guruguru-anime.jp/,0,0
609,2017,3,クリオネの灯り,クリオネの灯り,clionenoakari,http://clionenoakari.com/,0,0
610,2017,3,イケメン戦国◆時をかけるが恋は始まらない,イケメン戦国,Cyikemensengoku,http://anime-ikemen-sengoku.jp/,0,0
611,2017,3,はじめてのギャル,はじめてのギャル,haji_GAL,http://hajimete-no-gal.jp/,0,0
612,2017,3,ようこそ実力至上主義の教室へ,ようこそ実力至上主義の教室へ,youkosozitsu,http://you-zitsu.com/,0,0
613,2017,3,ゲーマーズ！,ゲーマーズ！,gamers_tvanime,http://www.gamers-anime.com/,0,0
617,2017,3,時間の支配者,時間の支配者,chronos_PR,http://chronosruler.jp/,0,0
618,2017,3,直感×アルゴリズム♪,直感×アルゴリズム,algorithm_jc,http://project-algorhythm.com/,0,0
619,2017,3,てーきゅう 9期,てーきゅう,te_kyu,http://te-kyu.com/,0,9
620,2017,3,ノラと皇女と野良猫ハート,ノラとと,noratoto_anime,http://nora-anime.net/,0,0
621,2017,4,アイドルマスター SideM,SideM,imas_anime,http://imas-sidem.com/,1,0
622,2017,4,Infini-T Force(インフィニティフォース),インフィニティフォース,Infini_TForce,http://www.infini-tforce.com/,0,0
623,2017,4,ラブライブ！サンシャイン!! 第2期,ラブライブ！サンシャイン!! ,LoveLive_staff,http://www.lovelive-anime.jp/uranohoshi/,0,2
624,2017,4,アニメガタリズ,アニメガタリズ,animegataris,http://animegataris.com/,0,0
625,2017,4,お見合い相手は教え子、強気な、問題児。,おみつよ,omitsuyo_anime,http://omitsuyo.w-anime.com/,0,0
626,2017,4,UQ HOLDER!～魔法先生ネギま！2～,UQ HOLDER,UQHOLDER_anime,http://uqholder.jp/,0,0
628,2017,4,おそ松さん(第2期),おそ松さん,osomatsu_PR,http://osomatsusan.com/,1,2
629,2017,4,ブラッククローバー,ブラッククローバー,bclover_PR,http://bclover.jp/,1,0
630,2017,4,アイドルマスター シンデレラガールズ劇場 2nd SEASON,シンデレラガールズ,cingeki_anime,http://cingeki-anime.com/,0,2
631,2017,4,戦刻ナイトブラッド,戦刻ナイトブラッド,senbura_info,http://anime.senbura.jp/,1,0
632,2017,4,十二大戦,十二大戦,12taisen,http://12taisen.com/,0,0
633,2017,4,食戟のソーマ 餐の皿,食戟のソーマ,shokugeki_anime,http://shokugekinosoma.com/,0,3
634,2017,4,お酒は夫婦になってから,お酒は夫婦になってから,osakefufu,http://www.osakefufu-anime.jp/,0,0
635,2017,4,このはな綺譚,このはな綺譚,konohana_anime,http://konohanatei.jp/,0,0
636,2017,4,URAHARA,URAHARA,urhr_pt,http://urahara.party/,0,0
637,2017,4,あめこん!!,あめこん,rainy_cocoa,http://rainycocoa.jp/anime/,1,4
638,2017,4,TSUKIPRO THE ANIMATION,TSUKIPRO THE ANIMATION,tsukipro_anime,http://tsukipro-anime.com/,1,0
639,2017,4,俺たちゃ妖怪人間,妖怪人間,bem_50th,http://youkainingen-bem.com/anime_dle/,0,0
640,2017,4,Just Because!,Just Because!,JustBecause_JP,http://justbecause.jp/,0,0
641,2017,4,DYNAMIC CHORD,DYNAMIC CHORD,anime__DC,http://www.tbs.co.jp/anime/DC/,1,0
643,2017,4,王様ゲーム The Animation,王様ゲーム,kingsgame_pr,http://kingsgame-anime.com/,0,0
645,2017,4,少女終末旅行,少女終末旅行,girls_last_tour,http://girls-last-tour.com/,0,0
646,2017,4,てれびあにめ大正メビウスラインちっちゃいさん,大正メビウスライン,chicchaisan,http://mebius-anime.com/,0,0
647,2017,4,キノの旅-the Beautiful World- the Animation Series,キノの旅,kinonotabianime,http://www.kinonotabi-anime.com/,0,0
648,2017,4,ドリフェス！R,ドリフェス,dfes_official,http://anime.dream-fes.com/,0,0
649,2017,4,Dies Irae(ディエス・イレ),Dies Irae,diesirae_anime,http://diesirae-anime.com/,0,0
650,2017,4,牙狼〈GARO〉-VANISHING LINE-,牙狼,anime_garo,http://vanishing-line.jp/,0,3
652,2017,4,タイムボカン24 逆襲の三悪人,タイムボカン24,timebokan_3aku,http://www.ytv.co.jp/timebokan24/,0,2
653,2017,4,クラシカロイド 第2シリーズ,クラシカロイド,nhkclassicaloid,http://www.classicaloid.net/,0,2
654,2017,4,Code:Realize～創世の姫君～,Code:Realize,cr_anime,http://coderealize-anime.com/,1,0
655,2017,4,つうかあ,つうかあ,twocartv,http://twocartv.jp/,0,0
656,2017,4,宝石の国,宝石の国,houseki_anime,http://land-of-the-lustrous.com/,0,0
657,2017,4,ブレンド・S,ブレンド・S,blend_s_anime,http://blend-s.jp/,0,0
658,2017,4,鬼灯の冷徹 第弐期,鬼灯の冷徹,hozuki_anime,http://www.hozukino-reitetsu.com/,0,2
659,2017,4,魔法使いの嫁,魔法使いの嫁,mahoyomeproject,http://mahoyome.jp/,1,0
660,2017,4,血界戦線＆BEYOND,血界戦線,kekkaisensen,http://kekkaisensen.com/,0,2
661,2017,4,妹さえいればいい。,妹さえいればいい,imotosae_anime,http://imoutosae.com/,0,0
662,2017,4,クジラの子らは砂上に歌う,クジラの子らは砂上に歌う,kujisuna_anime,http://kujisuna-anime.com/,0,0
663,2017,4,干物妹！うまるちゃんR,うまるちゃん,umaru_anime,http://umaru-ani.me/,0,2
664,2017,4,ネト充のススメ,うまるちゃん,netoju_anime,http://netoju.com/,0,0
665,2017,4,"Wake Up, Girls！ 新章","Wake Up, Girls",wakeupgirls_PR,http://wakeupgirls3.jp/,0,2
666,2017,4,僕の彼女がマジメ過ぎるしょびっちな件,僕の彼女がマジメ過ぎるしょびっちな件,shobicchi_anime,http://majimesugiru-anime.jp/,0,0
667,2017,4,いぬやしき,いぬやしき,inu_noitamina,http://www.inuyashiki-project.com/,0,0
668,2017,4,ROBO MASTERS THE ANIMATION SERIES,ROBO MASTERS THE ANIMATION SERIES,robomas_anime,http://anime.robomasters.com/,0,0
669,2017,4,3月のライオン 第2シリーズ,3月のライオン,3lion_anime,http://3lion-anime.com/,0,2
671,2017,4,結城友奈は勇者である 第2期,結城友奈は勇者である,anime_yukiyuna,http://yuyuyu.tv/,0,2
672,2017,4,銀魂 ポロリ篇,銀魂,gintamamovie,http://www.tv-tokyo.co.jp/anime/gintama/,0,5
673,2018,1,探偵オペラ ミルキィホームズ アルセーヌ 華麗なる欲望,ミルキィホームズ,milkyholmes,https://sp.bushiroad.com/special_tv/,0,5
674,2018,1,アイドリッシュセブン,アイドリッシュセブン,iD7Mng_Ogami,http://idolish7.com/aninana/,1,0
675,2018,1,宇宙よりも遠い場所,宇宙よりも遠い場所,yorimoi,http://yorimoi.com/,0,0
676,2018,1,ダメプリ ANIME CARAVAN,ダメプリ,damepri_anime,https://damepri-anime.jp/,1,0
677,2018,1,ラーメン大好き小泉さん,ラーメン大好き小泉さん,ramen_koizumi,http://ramen-koizumi.com/,0,0
678,2018,1,ゆるキャン△,ゆるキャン△,yurucamp_anime,http://yurucamp.jp/,0,0
679,2018,1,刀使ノ巫女,刀使ノ巫女,tojinomiko,http://tojinomiko.jp/,0,0
680,2018,1,働くお兄さん！,働くお兄さん,hataoni,http://www.hataoni.jp/,0,0
681,2018,1,伊藤潤二「コレクション」,伊藤潤二,itojunji_anime,http://itojunji-anime.com/,0,0
682,2018,1,グランクレスト戦記,グランクレスト,grancrest_anime,http://grancrest-anime.jp/,0,0
683,2018,1,DEVILMAN crybaby,DEVILMAN crybaby,DevilmanCryBaby,http://devilman-crybaby.com/,0,0
684,2018,1,七つの大罪 戒めの復活,七つの大罪,7_taizai,http://www.7-taizai.net/,0,2
686,2018,1,サンリオ男子,サンリオ男子,Sdan_Anime,http://sdan-anime.com/,1,0
687,2018,1,citrus,citrus,citrus_anime,http://citrus-anime.com/,0,0
688,2018,1,ダーリン・イン・ザ・フランキス,ダーリン・イン・ザ・フランキス,DARLI_FRA,http://darli-fra.jp/,0,0
689,2018,1,刻刻,刻刻,geno_studio,http://kokkoku-anime.com/,0,0
690,2018,1,スロウスタート,スロウスタート,slosta_anime,http://slow-start.com/,0,0
691,2018,1,ポプテピピック,ポプテピピック,hoshiiro_anime,http://hoshiiro.jp/,0,0
692,2018,1,カードキャプターさくら クリアカード編,カードキャプターさくら,ccsakura_info,http://www.nhk.or.jp/anime/ccsakura/,0,2
693,2018,1,三ツ星カラーズ,三ツ星カラーズ,3boshi_anime,http://mitsuboshi-anime.com/,0,0
694,2018,1,学園ベビーシッターズ,学園ベビーシッターズ,gakubaby_anime,http://gakubaby-anime.com/,1,0
695,2018,1,続『刀剣乱舞-花丸-』,刀剣乱舞,touken_hanamaru,http://touken-hanamaru.jp/,1,2
696,2018,1,25歳の女子高生,25歳の女子高生,ComicFestaAnime,http://nigojo.cf-anime.com/,1,0
697,2018,1,りゅうおうのおしごと！,りゅうおうのおしごと,Ryuoshi_PR,http://www.ryuoh-anime.com/,0,0
698,2018,1,からかい上手の高木さん,からかい上手の高木さん,takagi3_anime,http://takagi3.me,0,0
699,2018,1,バジリスク～桜花忍法帖～,バジリスク,basiliskouka,http://basilisk-ouka.jp/,0,2
700,2018,1,まめねこ,まめねこ,anime_mameneko,http://mameneko.club/,0,2
701,2018,1,gdメン gdgd men's party,gdメン,gdmen2018,http://gdmen.net/,0,0
702,2018,1,弱虫ペダル GLORY LINE,弱虫ペダル,yowapeda_anime,http://yowapeda.com/,1,4
703,2018,1,怪獣娘～ウルトラ怪獣擬人化計画～ 第2期,ウルトラ怪獣擬人化計画,ultrakaiju_gk,http://kaiju-gk.jp/anime/,0,2
704,2018,1,オーバーロードⅡ,オーバーロード,over_lord_anime,http://overlord-anime.com/,0,2
705,2018,1,斉木楠雄のΨ難 第2期,斉木楠雄のΨ難,saikikusuo_PR,http://www.saikikusuo.com/,1,2
706,2018,1,ヴァイオレット・エヴァーガーデン,ヴァイオレット・エヴァーガーデン,Violet_Letter,http://violet-evergarden.jp/,0,0
707,2018,1,恋は雨上がりのように,恋は雨上がりのように,koiame_anime,http://www.koiame-anime.com/,0,0
708,2018,1,メルヘン・メドヘン,メルヘン・メドヘン,maerchen_anime,http://maerchen-anime.com/,0,0
709,2018,1,デスマーチからはじまる異世界狂想曲,デスマーチからはじまる異世界狂想曲,deathma_anime,http://deathma-anime.com/,0,0
710,2018,1,ミイラの飼い方,ミイラの飼い方,miira_kaikata,http://www.tbs.co.jp/anime/miira/,0,0
711,2018,1,だがしかし2,だがしかし,anime_dagashi,http://www.tbs.co.jp/anime/dagashi/,0,2
712,2018,1,たくのみ。,たくのみ,anime_takunomi,http://www.tbs.co.jp/anime/takunomi/,0,0
713,2018,1,ハクメイとミコチ,ハクメイとミコチ,hakumikotv,http://hakumiko.com/,0,0
714,2018,1,覇弓 封神演義,覇弓 封神演義,hoshinengi_tv,http://tvhoushin-engi.com/,0,0
715,2018,1,博多豚骨ラーメンズ,博多豚骨ラーメンズ,hakata_tonkotsu,http://hakatatonkotsu-anime.com/,0,0
716,2018,1,BEATLESS,BEATLESS,BEATLESS_info,http://beatless-anime.jp/,0,0
717,2018,1,キリングバイツ,キリングバイツ,KB_anime,http://killingbites-anime.com/,0,0
718,2018,1,銀の墓守り(ガーディアン) 第2期,銀の墓守り,ginno_guardian,http://ginno-guardian.jp/,0,2
719,2018,1,Fate/EXTRA Last Encore,Fate/EXTRA Last Encore,FateEXTRA_LE,http://fate-extra-lastencore.com/,0,0
720,2018,2,B: The Beginning,B: The Beginning,b_the_beginning,http://b-animation.jp/,0,0
721,2018,2,A.I.C.O. incarnation,A.I.C.O.,Project_AICO,http://project-aico.com/,0,0
722,2018,2,重神機パンドーラ,重神機パンドーラ,unit_pandora,http://www.project-pandora.jp/,0,0
723,2018,2,LOST SONG,LOST SONG,lostsonganime,http://lost-song.com/,0,0
724,2018,2,ゲゲゲの鬼太郎(第6期),ゲゲゲの鬼太郎,kitaroanime50th,http://www.toei-anim.co.jp/kitaro/,0,6
725,2018,2,ニル・アドミラリの天秤,ニル・アドミラリの天秤,nilad_anime,http://nilad-anime.com/,1,0
726,2018,2,ウマ娘 プリティーダービー,ウマ娘,uma_musu_anime,http://anime-umamusume.jp/,0,0
727,2018,2,甘い懲罰～私は看守専用ペット,甘い懲罰,ComicFestaAnime,https://kanshu.cf-anime.com/,1,0
728,2018,2,お前はまだグンマを知らない,お前はまだグンマを知らない,omagun_anime,http://omagun.com/,0,0
729,2018,2,多田くんは恋をしない,多田くんは恋をしない,tadakoi_anime,http://tadakoi.tv/,0,0
730,2018,2,魔法少女 俺,魔法少女 俺,magicalgirl_ore,http://magicalgirl-ore.com/,0,0
731,2018,2,かくりよの宿飯,かくりよの宿飯,kakuriyo_anime,http://kakuriyo-anime.com/,0,0
732,2018,2,蒼天の拳 REGENESIS,蒼天の拳,soutenregenesis,http://www.souten-regenesis.com/,0,0
733,2018,2,キャプテン翼,キャプテン翼,tsubasa_news,http://www.tv-tokyo.co.jp/anime/captaintsubasa2018/,0,0
734,2018,2,ガンダムビルドダイバーズ,ガンダムビルドダイバーズ,gundambd,http://gundam-bd.net/,0,0
735,2018,2,銀河英雄伝説 Die Neue These 邂逅,銀河英雄伝説,gineidenanime,http://gineiden-anime.com/,0,0
736,2018,2,東京喰種:re,東京喰種,tkg_anime,http://www.marv.jp/special/tokyoghoul/,0,3
737,2018,2,ルパン三世 PART5,ルパン三世,Lupin_Pt5,https://lupin-pt5.com/,0,5
738,2018,2,3D彼女 リアルガール,3D彼女,3Dkanojo_anime,http://www.3dkanojo-anime.com/,0,0
739,2018,2,ありすorありす,ありすorありす,ALICE_or_ALICE_,http://alice-or-alice.com/,0,0
740,2018,2,こみっくがーるず,こみっくがーるず,comiga_anime,http://comic-girls.com/,0,0
741,2018,2,メガロボクス,メガロボクス,joe50_megalobox,http://megalobox.com/,0,0
742,2018,2,されど罪人は竜と踊る,されど罪人は竜と踊る,sareryu_anime,http://www.tbs.co.jp/anime/sareryu/,0,0
743,2018,2,ヒナまつり,ヒナまつり,hinamatsuri4649,http://hina-matsuri.net/,0,0
744,2018,2,グラゼニ,グラゼニ,sptv_gurazeni,https://www.bs-sptv.com/gurazeni/,0,0
745,2018,2,あっくんとカノジョ,あっくんとカノジョ,akkano_anime,http://akkun-kanojo.jp/,0,0
746,2018,2,Lostorage conflated WIXOSS,Lostorage conflated WIXOSS,wixoss_anime,http://lostorage-wixoss.com/,0,4
747,2018,2,信長の忍び〜姉川・石山篇〜,信長の忍び,shinobinobunaga,https://nobunaga-no-shinobi.com/,0,3
748,2018,2,魔法少女サイト,魔法少女サイト,MGSanime,http://mahoushoujyo-anime.com/,0,0
749,2018,2,僕のヒーローアカデミア(第3期),僕のヒーローアカデミア,heroaca_anime,http://heroaca.com/,0,3
750,2018,2,メジャーセカンド,メジャーセカンド,major2nd_tv,http://www.shopro.co.jp/tv/major2nd/,0,0
751,2018,2,あまんちゅ！～あどばんす～,あまんちゅ！,amanchu_anime,http://amanchu-anime.com/,0,2
752,2018,2,デビルズライン,デビルズライン,devilslineanime,http://devilsline.jp/,0,0
753,2018,2,ソードアート・オンライン オルタナティブ ガンゲイル・オンライン,ガンゲイル・オンライン,ggo_anime,http://gungale-online.net/,0,0
754,2018,2,PERSONA5 the Animation,PERSONA5,P5_anime,http://p5a.jp/,0,0
755,2018,2,キラッとプリ☆チャン,キラッとプリ☆チャン,prichan_PR,http://www.tv-tokyo.co.jp/anime/prichan/,0,3
756,2018,2,Cutie Honey Universe,Cutie Honey Universe,CutieHoney_U,http://cutiehoney-u.com/,0,0
757,2018,2,Caligula -カリギュラ-,Caligula,Caligula_Anime,http://caligula-anime.com/,0,0
758,2018,2,ピアノの森,ピアノの森,piano_anime_tv,http://piano-anime.jp/,0,0
759,2018,2,食戟のソーマ 餐ノ皿「遠月列車篇」,食戟のソーマ,shokugeki_anime,http://shokugekinosoma.com/,0,3
760,2018,2,美男高校地球防衛部HAPPY KISS!,美男高校地球防衛部,boueibu,http://boueibu.com/hk/index.html,1,4
761,2018,2,実験品家族 -クリーチャーズ・ファミリー・デイズ-,実験品家族,jikkenhin,http://jp.frankenstein-family.com/,0,0
762,2018,2,ゴールデンカムイ,ゴールデンカムイ,kamuy_anime,http://kamuy-anime.com/,0,0
763,2018,2,踏切時間,踏切時間,fumikiri_anime,http://fumikirijikan.com/,0,0
764,2018,2,ハイスクール D×D HERO,ハイスクール D×D,hdd_anime,http://haremking.tv/,0,4
765,2018,2,鹿楓堂 よついろ日和,鹿楓堂,RokuhoudouAnime,http://rokuhoudou-anime.jp/,0,0
766,2018,2,ラストピリオド－終わりなき螺旋の物語－,ラストピリオド,last_period,http://lastperiod.jp/,0,0
767,2018,2,ヲタクに恋は難しい,ヲタクに恋は難しい,wotakoi_anime,http://wotakoi-anime.com/,0,0
768,2018,2,STEINS;GATE 0(シュタインズ・ゲート ゼロ),STEINS;GATE 0,SG_anime,http://steinsgate0-anime.com/,0,1
769,2018,2,Butlers～千年百年物語～,Butlers,butlers_anime,http://www.butlers-anime.com/,0,0
770,2018,2,ひそねとまそたん,ひそねとまそたん,hisomaso_anime,http://hisomaso.com/,0,0
771,2018,2,奴隷区-The Animation-,奴隷区-The Animation-,doreiku_anime,http://doreiku-anime.com/,0,0
772,2018,2,異世界居酒屋 古都アイテーリアの居酒屋のぶ,異世界居酒屋 古都アイテーリアの居酒屋のぶ,isekaiizakaya,https://r.gnavi.co.jp/nobu/,0,0
773,2018,2,フルメタル・パニック！ Invisible Victory,フルメタル・パニック！ Invisible Victory,fullmeta_iv,http://fullmeta-iv.com/,0,0
775,2018,2,宇宙戦艦ティラミス,宇宙戦艦ティラミス,tiramisu_anime,http://tiramisu-anime.com/,0,0
776,2018,2,立花館ToLieあんぐる,立花館ToLieあんぐる,tachibana_kan,http://tachibanakan-anime.com/,0,0
777,2018,3,バキ・最凶死刑囚編,バキ,baki_anime,http://baki-anime.jp/,0,0
778,2018,3,Dies irae,Dies irae,diesirae_anime,http://diesirae-anime.com/,0,2
779,2018,3,ISLAND,ISLAND,island_fw,http://never-island.com/,0,0
780,2018,3,じょしおちっ！～2階から女の子が…降ってきた!?～,じょしおちっ,ComicFestaAnime,https://joshiochi.cf-anime.com/,0,0
781,2018,3,はねバド！,はねバド,hanebad_anime,http://hanebad.com/,0,0
782,2018,3,つくもがみ貸します,つくもがみ,tsukumogami_tv,http://tsukumogami.jp/,0,0
783,2018,3,悪偶 -天才人形-,悪偶,aguu_anime,http://aguu-anime.com/,0,0
784,2018,3,One Room セカンドシーズン,One Room,anime_one_room,http://oneroom-anime.com/,0,2
785,2018,3,ヤマノススメ サードシーズン,ヤマノススメ,yamanosusume,http://www.yamanosusume.com/,0,3
786,2018,3,アイドルマスター シンデレラガールズ劇場 3rd SEASON,デレマス,cingeki_anime,http://cingeki-anime.com/,0,3
787,2018,3,千銃士,千銃士,senjyushi_anime,https://noble.marv.jp/anime/,1,0
788,2018,3,Back Street Girls -ゴクドルズ-,ゴクドルズ,inuganekikaku,http://backstreetgirls-anime.toeiad.co.jp/,0,0
789,2018,3,中間管理録トネガワ,トネガワ,Tonegawa_Anime,http://www.tonegawa-anime.com/,0,0
790,2018,3,すのはら荘の管理人さん,すのはら荘,sunohara_anime,http://sunoharasou-anime.com/,0,0
791,2018,3,異世界魔王と召喚少女の奴隷魔術,異世界魔王,isekaimaou,http://isekaimaou-anime.com/,0,0
792,2018,3,BANANA FISH,BANANA FISH,bananafish_tv,http://bananafish.tv/,1,0
793,2018,3,七星のスバル,七星のスバル,7subaru_anime,http://7subaru.jp/,0,0
794,2018,3,殺戮の天使,殺戮の天使,strk_tenshi,http://satsuriku.com/,0,0
795,2018,3,働くお兄さん！の2！,働くお兄さん,hataoni,http://www.hataoni.jp/,0,2
796,2018,3,ちおちゃんの通学路,ちおちゃん,Chiochan_tv,http://chiochan.jp/,0,0
797,2018,3,音楽少女,音楽少女,ongaku_shoujo,http://ongaku-shoujo.jp/,0,0
798,2018,3,ゾイドワイルド,ゾイドワイルド,anime_zoidswild,https://www.anime-zoidswild.jp/,0,0
799,2018,3,おしえて魔法のペンデュラム～リルリルフェアリル～,リルリルフェアリル,rilurilu_anime,http://fairilu.jp/,0,3
800,2018,3,はたらく細胞,はたらく細胞,hataraku_saibou,http://hataraku-saibou.com/,0,0
801,2018,3,百錬の覇王と聖約の戦乙女,百錬覇王,hyakuren_anime,http://hyakuren-anime.com/,0,0
802,2018,3,スペースバグ,スペースバグ,Spacebug_jp,http://www.spacebug-special.com/,0,0
803,2018,3,あそびあそばせ,あそびあそばせ,asobiasobase_a,http://asobiasobase.com/,0,0
804,2018,3,プラネット・ウィズ,プラネット・ウィズ,PlanetWithAnime,http://planet-with.com/,0,0
805,2018,3,銀魂 銀ノ魂篇(後半戦),銀魂,gintamamovie,http://www.tv-tokyo.co.jp/anime/gintama/,1,7
806,2018,3,邪神ちゃんドロップキック,邪神ちゃん,jashinchan_PJ,http://jashinchan.com/,0,0
807,2018,3,Phantom in the Twilight,ファントワ,phantowa_anime,http://phantowa.com/,1,0
808,2018,3,京都寺町三条のホームズ,京都ホームズ,teramachi_holme,http://kyototeramachi-holmes.com/,1,0
809,2018,3,アンゴルモア 元寇合戦記,アンゴルモア,angolmois_anime,http://angolmois-anime.jp/,0,0
810,2018,3,深夜！天才バカボン,天才バカボン,shinya_bakabon,http://shinya-bakabon.com/,0,0
811,2018,3,少女☆歌劇 レヴュースタァライト,スタァライト,revuestarlight,http://revuestarlight.com/,0,0
812,2018,3,ハイスコアガール,ハイスコアガール,hi_score_girl,http://hi-score-girl.com/,0,0
813,2018,3,ロード オブ ヴァーミリオン 紅蓮の王,ロード オブ ヴァーミリオン,LoVanimation,http://lord-of-vermilion.com/,0,0
814,2018,3,ハッピーシュガーライフ,ハピシュガ,happysugarlifeA,http://happysugarlife.tv/,0,0
815,2018,3,ぐらんぶる,ぐらんぶる,gb_anime,http://grandblue-anime.com/,0,0
816,2018,3,進撃の巨人 Season 3,進撃の巨人,anime_shingeki,https://shingeki.tv/season3/,0,3
817,2018,3,はるかなレシーブ,はるかなレシーブ,harukana_anime,http://www.harukana-receive.jp/,0,0
818,2018,3,オーバーロードIII,オーバーロードIII,over_lord_anime,http://overlord-anime.com/,0,3
819,2018,3,天狼 Sirius the Jaeger,天狼,sirius_anime,http://sirius-the-jaeger.com/,0,0
820,2018,3,Free!-Dive to the Future-,Free!,iwatobi_sc,http://df.iwatobi-sc.com/,1,3
821,2018,3,ムヒョとロージーの魔法律相談事務所,ムヒョとロージー,mahouritsuanime,http://mahouritsu.com/,0,0
822,2018,3,夢王国と眠れる100人の王子様,夢王国と眠れる100人の王子様,yume100anime_PR,http://yume-100-anime.com/,0,0
823,2018,3,ゆらぎ荘の幽奈さん,ゆらぎ荘,yuragisou_anime,http://yuragisou.com/,0,0
824,2018,4,DOUBLE DECKER! ダグ＆キリル,ダグ＆キリル,dabudeka,http://dabudeka.com/,0,0
825,2018,4,キラキラハッピー★ ひらけ！ここたま,ここたま,anime_cocotama,http://coco-tama.com/series/,0,0
826,2018,4,あかねさす少女,あかねさす少女,akanesasu_shojo,http://akanesasushojo.com/,0,0
827,2018,4,Thunderbolt Fantasy 東離劍遊紀 2,東離劍遊紀,TBF_PR,http://www.thunderboltfantasy.com/season2/,0,2
828,2018,4,転生したらスライムだった件,転生したらスライムだった件,ten_sura_anime,http://www.ten-sura.com/,0,0
829,2018,4,蒼天の拳 REGENESIS(第2期),蒼天の拳 REGENESIS,soutenregenesis,http://www.souten-regenesis.com/,0,2
830,2018,4,宇宙戦艦ティラミスⅡ,宇宙戦艦ティラミ,tiramisu_anime,http://tiramisu-anime.com/,0,2
831,2018,4,爆釣バーハンター,爆釣バーハンター,barhunter_off,http://www.toei-anim.co.jp/tv/bbh/,0,0
832,2018,4,人外さんの嫁,人外さんの嫁,jingaisan_yome,https://jingaisan.com/,0,0
833,2018,4,ほら、耳がみえてるよ！,ほら、耳がみえてるよ,horamimi_anime,https://www.yte.co.jp/program/detail.php?id=107,0,0
834,2018,4,ソラとウミのアイダ,ソラとウミのアイダ,soraumi_app,http://soraumi-anime.com/,0,0
835,2018,4,RErideD－刻越えのデリダ－,RErideD,Derrida_2060,http://rerided.com/,0,0
836,2018,4,風が強く吹いている,風が強く吹いている,kazetsuyo_anime,http://kazetsuyo-anime.com/,0,0
837,2018,4,青春ブタ野郎はバニーガール先輩の夢を見ない,青春ブタ野郎はバニーガール先輩の夢を見ない,aobuta_anime,http://ao-buta.com/,0,0
838,2018,4,ゾンビランドサガ,ゾンビランドサガ,zombielandsaga,https://zombielandsaga.com/,0,0
839,2018,4,でびどる！,でびどる,AnimeDevidol,https://devidol.com/,0,0
840,2018,4,学園BASARA,学園BASARA,gakuen_basara,http://www.tbs.co.jp/anime/gakuen_basara/,1,0
841,2018,4,BAKUMATSU ～恋愛幕末カレシ外伝～,BAKUMATSU,BAKUMATSU_info,http://www.tbs.co.jp/anime/BAKUMATSU/,1,0
842,2018,4,逆転裁判～その「真実」、異議あり！～Season2,逆転裁判～その「真実」、異議あり！,anime_gyakuten,http://www.ytv.co.jp/animegyakuten/index.html,0,2
843,2018,4,イナズマイレブン オリオンの刻印,イナズマイレブン オリオンの刻印,inazuma_project,http://www.tv-tokyo.co.jp/anime/inazuma2018/,0,6
844,2018,4,となりの吸血鬼さん,となりの吸血鬼さん,kyuketsuki_san,http://kyuketsukisan-anime.com/,0,0
845,2018,4,やがて君になる,やがて君になる,yagakimi,http://yagakimi.com/,0,0
846,2018,4,とある魔術の禁書目録Ⅲ,とある魔術の禁書目録,toaru_project,http://toaru-project.com/index_3/,0,3
847,2018,4,火ノ丸相撲,火ノ丸相撲,hinomaru_zumou,https://hinomaru-zumou.com/,0,0
848,2018,4,狐狸之声,狐狸之声,kitsune2018,http://kitsune-no-koe.com/,0,0
849,2018,4,グラゼニ！(第2期),グラゼニ,sptv_gurazeni,https://www.bs-sptv.com/gurazeni/,0,2
850,2018,4,うちのメイドがウザすぎる！,うちのメイドがウザすぎる！,uzamaid_a,http://uzamaid.com/,0,0
851,2018,4,抱かれたい男1位に脅されています。,抱かれたい男1位に脅されています。,dakaretai_1st,https://dakaretai-1st.com/,1,0
852,2018,4,ジョジョの奇妙な冒険 黄金の風,ジョジョの奇妙な冒険 黄金の風,anime_jojo,http://jojo-animation.com,0,5
853,2018,4,宇宙戦艦ヤマト2202 愛の戦士たち,宇宙戦艦ヤマト2202 愛の戦士たち,new_yamato_2199,http://yamato2202.net/tv/index.html,0,2
854,2018,4,寄宿学校のジュリエット,寄宿学校のジュリエット,juliet_anime,http://juliet-anime.com/,0,0
855,2018,4,色づく世界の明日から,色づく世界の明日から,iroduku_anime,http://iroduku.jp/,0,0
856,2018,4,ラディアン,ラディアン,nep_radiant,http://www.nhk.or.jp/anime/radiant/,0,0
857,2018,4,SSSS.GRIDMAN,SSSS.GRIDMAN,SSSS_GRIDMAN,https://gridman.net/,0,0
858,2018,4,ソードアート・オンライン アリシゼーション,ソードアート・オンライン,sao_anime,https://sao-alicization.net/,0,3
859,2018,4,ゴブリンスレイヤー,ゴブリンスレイヤー,GoblinSlayer_GA,http://www.goblinslayer.jp/,0,0
860,2018,4,その時、カノジョは。,その時、カノジョは。,snkn_pj,http://www.sonokano.com/,0,0
861,2018,4,おこしやす、ちとせちゃん,おこしやす、ちとせちゃん,chitose_anime,http://vap.co.jp/chitosechan/,0,0
862,2018,4,RELEASE THE SPYCE,RELEASE THE SPYCE,releasethespyce,https://releasethespyce.jp/,0,0
863,2018,4,FAIRY TAIL ファイナルシーズン,FAIRY TAIL,fairytail_PR,http://www.fairytail-tv.com/,0,3
864,2018,4,ユリシーズ ジャンヌ・ダルクと錬金の騎士,ユリシーズ,anime_ulysses,http://ulysses-anime.jp/,0,0
865,2018,4,アニマエール！,アニマエール！,animayell_anime,http://animayell.com/,0,0
866,2018,4,終電後､カプセルホテルで､上司に微熱伝わる夜｡,終電後､カプセルホテルで､上司に微熱伝わる夜｡,ComicFestaAnime,https://shucap.cf-anime.com/,1,0
867,2018,4,ガイコツ書店員 本田さん,ガイコツ書店員 本田さん,gai_honda,http://gaikotsu-honda-anime.com/,0,0
868,2018,4,ひもてはうす,ひもてはうす,himotehouse,http://himotehouse.com/,0,0
869,2018,4,走り続けてよかったって。,走り続けてよかったって。,hashiyoka,https://twitter.com/hashiyoka,0,0
870,2018,4,ゴールデンカムイ(第2期),ゴールデンカムイ,kamuy_anime,http://www.kamuy-anime.com/,0,2
871,2018,4,アイドルマスター SideM 理由あってMini!,アイドルマスター SideM 理由あってMini!,SideM_WakeMini,http://sidem-wakemini.com/,0,0
872,2018,4,東京喰種トーキョーグール:re 最終章,東京喰種トーキョーグール:re,tkg_anime,https://www.marv.jp/special/tokyoghoul/,0,4
873,2018,4,CONCEPTION,CONCEPTION,conceptionanime,http://conception-anime.com/,0,0
874,2018,4,俺が好きなのは妹だけど妹じゃない,俺が好きなのは妹だけど妹じゃない,imoimo_anime,http://imo-imo.jp/,0,0
875,2018,4,からくりサーカス,からくりサーカス,karakuri_anime,https://karakuri-anime.com/,0,0
876,2018,4,ベルゼブブ嬢のお気に召すまま。,ベルゼブブ嬢のお気に召すまま。,beelmama_anime,http://beelmama.com/,0,0
877,2018,4,叛逆性ミリオンアーサー,叛逆性ミリオンアーサー,hangyakuseiMAAN,http://hangyakusei-anime.com/,0,0
878,2018,4,メルクストーリア - 無気力少年と瓶の中の少女 -,メルクストーリア - 無気力少年と瓶の中の少女 -,merc_storia,http://www.mercstoria.jp/,0,0
879,2018,4,閃乱カグラ SHINOVI MASTER -東京妖魔篇-,閃乱カグラ SHINOVI MASTER -東京妖魔篇-,kagura_tv,http://senran2.tv/,0,2
880,2018,4,ツルネ ―風舞高校弓道部―,ツルネ ―風舞高校弓道部―,tsurune_anime,http://tsurune.com/,1,0
881,2018,4,INGRESS THE ANIMATION,INGRESS THE ANIMATION,IngressAnime,http://ingress-anime.com/,0,0
882,2019,1,HERO MASK,HERO MASK,heromask_anime,http://heromask.jp/,0,0
883,2019,1,盾の勇者の成り上がり,盾の勇者の成り上がり,shieldheroanime,http://shieldhero-anime.jp/,0,0
884,2019,1,BanG Dream! 2nd season,BanG Dream!,bang_dream_info,https://anime.bang-dream.com/2nd/,0,2
885,2019,1,ブギーポップは笑わない,ブギーポップは笑わない,boogiepop_anime,http://boogiepop-anime.com/,0,0
886,2019,1,エガオノダイカ,エガオノダイカ,egaonodaika,http://egaonodaika.com/,0,0
887,2019,1,不機嫌なモノノケ庵 續,不機嫌なモノノケ庵,mononokean_tv,http://mononokean.tv/,1,0
888,2019,1,W'z(ウィズ),W'z,wz_anime,http://wz-anime.net/,1,0
889,2019,1,みにとじ,みにとじ,tojinomiko,http://minitoji.jp/,0,2
890,2019,1,どろろ,どろろ,dororo_anime,https://dororo-anime.com/,0,0
891,2019,1,上野さんは不器用,上野さんは不器用,missueno_anime,http://www.miss-ueno.com/,0,0
892,2019,1,モブサイコ100 Ⅱ,モブサイコ100,mobpsycho_anime,http://mobpsycho100.com/,0,2
893,2019,1,ぱすてるメモリーズ,ぱすてるメモリーズ,pasumemo,https://pasumemotv.com/,0,0
894,2019,1,けものフレンズ2,けものフレンズ,kemono_anime,https://kemono-friends.jp/anime/,0,2
895,2019,1,私に天使が舞い降りた！,私に天使が舞い降りた,watatentv,http://watatentv.com/,0,0
896,2019,1,CIRCLET PRINCESS(サークレット・プリンセス),CIRCLET PRINCESS,cirpri_anime,https://cirpri-anime.jp/,0,0
897,2019,1,雨色ココアsideG,雨色ココアsideG,rainy_cocoa,http://rainycocoa.jp/anime/,0,5
898,2019,1,臨死!!江古田ちゃん,臨死!!江古田ちゃん,ekodachan_anime,http://ekodachan.com/,0,0
899,2019,1,3D彼女 リアルガール 第2シリーズ,3D彼女 リアルガール,3Dkanojo_anime,http://www.3dkanojo-anime.com/,1,2
900,2019,1,賭ケグルイ××,賭ケグルイ,kakegurui_anime,https://kakegurui-anime.com/,0,2
901,2019,1,ケムリクサ,ケムリクサ,kemurikusa,http://kemurikusa.com/,0,0
902,2019,1,同居人はひざ、時々、頭のうえ。,同居人はひざ,hizaue_pr,https://hizaue.com/,0,0
903,2019,1,明治東亰恋伽,明治東亰恋伽,meikoi_staff,http://meikoi.com/tv-anime/,0,0
904,2019,1,約束のネバーランド,約束のネバーランド,yakuneba_staff,https://neverland-anime.com/,0,0
905,2019,1,revisions リヴィジョンズ,revisions,revisions_PR,http://revisions.jp/,0,0
906,2019,1,Dimension ハイスクール,Dimension,dimension_hs,http://dimension-hs.com/,0,0
907,2019,1,ガーリー・エアフォース,ガーリー・エアフォース,GAF_anime,http://gaf-anime.jp/,0,0
908,2019,1,五等分の花嫁,五等分の花嫁,5Hanayome_anime,http://www.tbs.co.jp/anime/5hanayome/,0,0
909,2019,1,グリムノーツ The Animation,グリムノーツ,grimmsnotes_ta,http://www.tbs.co.jp/anime/grimmsnotes/,0,0
910,2019,1,フライングベイビーズ,フライングベイビーズ,hulaingbabies,https://hulaingbabies.com/,0,0
911,2019,1,デート・ア・ライブIII,デート・ア・ライブ,date_a_info,http://date-a-live-anime.com/,0,3
912,2019,1,B-PROJECT～絶頂*エモーション～,B-PROJECT,BPRO_anime,https://bpro-anime.com/,1,0
913,2019,1,ドメスティックな彼女,ドメスティックな彼女,domekano_anime,http://domekano-anime.com/,0,0
914,2019,1,魔法少女特殊戦あすか,魔法少女特殊戦あすか,MGSO_asuka,http://magical-five.jp/,0,0
915,2019,1,バミューダトライアングル ～カラフル・パストラーレ～,バミューダトライアングル ,colopale,https://colorful-pastrale.com/,0,0
916,2019,1,かぐや様は告らせたい～天才たちの恋愛頭脳戦～,かぐや様は告らせたい,anime_kaguya,https://kaguya.love/,0,0
917,2019,1,えんどろ～！,えんどろ〜,endro_anime,http://endro.jp/,0,0
918,2019,1,荒野のコトブキ飛行隊,荒野のコトブキ飛行隊,kotobuki_PR,https://kotobuki-anime.com/,0,0
919,2019,1,マナリアフレンズ,マナリアフレンズ,manaria_friends,https://manaria.jp/,0,0
920,2019,1,ピアノの森 第2シリーズ,ピアノの森,piano_anime_tv,http://piano-anime.jp/,0,2
921,2019,1,バーチャルさんはみている,バーチャルさんはみている,dwangoanime,https://virtualsan-looking.jp/,0,0
922,2019,2,ULTRAMAN,ULTRAMAN,heros_ultraman,https://anime.heros-ultraman.com/,0,0
923,2019,2,爆丸バトルプラネット,爆丸バトルプラネット,bakugan_jp,https://www.tv-tokyo.co.jp/anime/bakugan-bp/,0,0
924,2019,2,ダイヤのA actII,ダイヤのA,diaace_anime,https://diaace.com/index.html,0,2
925,2019,2,アイドルマスター シンデレラガールズ劇場 CLIMAX SEASON,シンデレラガールズ劇場,cingeki_anime,http://cingeki-anime.com/,0,4
926,2019,2,この世の果てで恋を唄う少女YU-NO,この世の果てで恋を唄う少女YU-NO,yuno_anime2019,http://yuno-anime.com/,0,0
927,2019,2,猫のニャッホ,猫のニャッホ,NiaghoCat,https://niagho.com/info/tvanime.html,0,0
928,2019,2,アイカツフレンズ！～かがやきのジュエル～,アイカツフレンズ,aikatsu_anime,https://www.tv-tokyo.co.jp/anime/aikatsufriends/,0,2
929,2019,2,八十亀ちゃんかんさつにっき,八十亀ちゃんかんさつにっき,yatogame_chan,https://yatogame.nagoya/,0,0
930,2019,2,叛逆性ミリオンアーサー(第2シーズン),叛逆性ミリオンアーサー,hangyakuseiMAAN,http://hangyakusei-anime.com/,0,2
931,2019,2,BAKUMATSUクライシス,BAKUMATSU,BAKUMATSU_info,http://www.tbs.co.jp/anime/BAKUMATSU/,1,2
933,2019,2,フルーツバスケット,フルーツバスケット,fruba_PR,https://fruba.jp/,1,0
934,2019,2,川柳少女,川柳少女,senryu_anime,http://senryu-girl-official.com/,0,0
935,2019,2,みだらな青ちゃんは勉強ができない,みだらな青ちゃん,aochan_anime,http://aochan-anime.com/,0,0
936,2019,2,ひとりぼっちの○○生活,ひとりぼっちの○○生活,bocchi_anime,http://hitoribocchi.jp/,0,0
937,2019,2,MIX,MIX,mix_ytvanime,https://www.ytv.co.jp/mix/,0,0
938,2019,2,超可動ガール1/6,超可動ガール1/6,choukadou_anime,http://choukadou-anime.com/,0,0
939,2019,2,女子かう生,女子かう生,joshikau_anime,http://joshikau-anime.com/,0,0
940,2019,2,ノブナガ先生の幼な妻,ノブナガ先生の幼な妻,nobutsuma_anime,http://nobutsuma-anime.com/,0,0
941,2019,2,鬼滅の刃,鬼滅の刃,kimetsu_off,https://kimetsu.com/anime/,0,0
942,2019,2,続・終物語＆「〈物語〉シリーズ」セレクション,終物語,nisioisin_anime,https://www.monogatari-series.com/zokuowarimonogatari/,0,7
943,2019,2,ぼくたちは勉強ができない,ぼくたちは勉強ができない,bokuben_anime,https://boku-ben.com/,0,0
944,2019,2,この音とまれ！,この音とまれ,konooto_anime,http://www.konooto-anime.jp/,1,0
945,2019,2,ゲゲゲの鬼太郎 地獄の四将編,ゲゲゲの鬼太郎,kitaroanime50th,http://www.toei-anim.co.jp/kitaro/,0,2
946,2019,2,キラッとプリ☆チャン シーズン2,キラッとプリ☆チャン シーズン,prichan_PR,https://www.tv-tokyo.co.jp/anime/prichan/,0,2
947,2019,2,群青のマグメル,群青のマグメル,magmell_anime,http://gunjyo-magumeru.com/,0,0
948,2019,2,消滅都市,消滅都市,anime_shoumetsu,https://shoumetsutoshi-anime.com/,0,0
949,2019,2,Fairy goneフェアリーゴーン,フェアリーゴーン,fairygone,http://www.fairygone.com,0,0
950,2019,2,洗い屋さん！～俺とアイツが女湯で!?～,洗い屋さん,CFAnime_MENS,https://araiya.cf-anime.com/,0,0
951,2019,2,真夜中のオカルト公務員,真夜中のオカルト公務員,occultkoumuin,http://occultkoumuin.com/,1,0
952,2019,2,なんでここに先生が!?,なんでここに先生が,nankoko_anime,http://nankoko-anime.com/,0,0
953,2019,2,八月のシンデレラナイン,八月のシンデレラナイン,hachinai89,https://anime-hachinai.com/,0,0
954,2019,2,ジモトがジャパン,ジモトがジャパン,jimoto_anime,https://www.shopro.co.jp/tv/jimoto-anime/,0,0
955,2019,2,なむあみだ仏っ！-蓮台 UTENA-,なむあみだ仏,namu_anime,https://namuami-utena-anime.com/,1,0
956,2019,2,RobiHachi,RobiHachi,RobiHachi_anime,https://robihachi.jp/,1,0
957,2019,2,KING OF PRISM -Shiny Seven Stars-,KING OF PRISM,kinpri_PR,https://kinpri.com/,1,2
958,2019,2,ストライクウィッチーズ 501部隊発進しますっ！,ストライクウィッチーズ,w_witch_anime,http://w-witch.jp/501_takeoff/,0,2
959,2019,2,異世界かるてっと,異世界かるてっと,isekai_quartet,http://isekai-quartet.com/,0,0
960,2019,2,世話やきキツネの仙狐さん,世話やきキツネの仙狐さん,sewayakisenko,http://senkosan.com/,0,0
961,2019,2,賢者の孫,賢者の孫,kenja_no_mago,http://kenja-no-mago.jp/,0,0
962,2019,2,キャロル＆チューズデイ,キャロル＆チューズデイ,carole_tuesday,http://caroleandtuesday.com/,0,0
963,2019,2,さらざんまい,さらざんまい,sarazanmai,http://sarazanmai.com/,0,0
964,2019,2,Bラッパーズ ストリート,Bラッパーズ ストリート,BRS_PR,https://www.shopro.co.jp/tv/brs/,0,0
965,2019,2,文豪ストレイドッグス（第3シーズン）,文豪ストレイドッグス,bungosd_anime,http://bungo-stray-dogs.jp/,1,3
966,2019,2,四月一日さん家の,四月一日さん家の,watanukisanchi,https://www.tv-tokyo.co.jp/watanuki/,0,0
967,2019,2,進撃の巨人Season3（Part.2),進撃の巨人,anime_shingeki,https://shingeki.tv/season3/,0,3
968,2019,2,機動戦士ガンダム THE ORIGIN 前夜 赤い彗星,機動戦士ガンダム THE ORIGIN,G_THE_ORIGIN,http://www.gundam-the-origin.net/,0,2
969,2019,2,ワンパンマン SEASON2,ワンパンマン,opm_anime,http://onepunchman-anime.net/,0,2
970,2019,2,みるタイツ,みるタイツ,mirutights,https://mirutights.jp/,0,0
972,2019,3,アグレッシブ烈子 シーズン2,アグレッシブ烈子,retsuko_sanrio,https://www.netflix.com/jp/title/80198505,0,2
973,2019,3,7SEEDS,7SEEDS,7SEEDS_anime,http://7seeds.jp/,0,0
974,2019,3,スタミュ(第3期),スタミュ,hstar_mu,https://hstar-mu.com/,1,3
975,2019,3,かつて神だった獣たちへ,かつて神だった獣たちへ,katsukami_anime,https://katsu-kami.com/,0,0
976,2019,3,われしょ！～我ら！小動物愛護委員会～,われしょ,eifami,https://www.waresyo.com/,0,0
977,2019,3,手品先輩,手品先輩,tejina_senpai,http://tejina-senpai.jp/,0,0
978,2019,3,ソウナンですか？,ソウナンですか,sounan_desuka,http://sounandesuka.jp/,0,0
979,2019,3,彼方のアストラ,彼方のアストラ,astra_anime,http://astra-anime.com/,0,0
980,2019,3,ダンベル何キロ持てる？,ダンベル何キロ持てる,dumbbell_anime,https://dumbbell-anime.jp/,0,0
981,2019,3,魔王様、リトライ！,魔王様、リトライ,maousama_anime,http://maousama-anime.com/,0,0
982,2019,3,うちの娘の為ならば、俺はもしかしたら魔王も倒せるかもしれない。,うちの娘,uchinoko_anime,http://uchinoko-anime.com/,0,0
983,2019,3,女子高生の無駄づかい,女子高生の無駄づかい,jyoshimuda,http://jyoshimuda.com/,0,0
984,2019,3,Dr.STONE,Dr.STONE,STONE_anime_off,https://dr-stone.jp/,0,0
985,2019,3,炎炎ノ消防隊,炎炎ノ消防隊,FireForce_PR,http://fireforce-anime.jp/,0,0
986,2019,3,グランベルム,グランベルム,granbelm,http://granbelm.com/,0,0
987,2019,3,ヴィンランド・サガ,ヴィンランド・サガ,V_SAGA_ANIME,https://vinlandsaga.jp/,0,0
988,2019,3,ロード・エルメロイⅡ世の事件簿 -魔眼蒐集列車レール・ツェッペリン Grace note-,ロード・エルメロイⅡ世の事件簿,elmelloi_anime,https://anime.elmelloi.com/,0,0
989,2019,3,戦姫絶唱シンフォギアXVエクシヴ,戦姫絶唱シンフォギア,SYMPHOGEAR,http://www.symphogear-xv.com/,0,5
990,2019,3,荒ぶる季節の乙女どもよ。,荒ぶる季節の乙女どもよ,araotoproject,http://araoto-anime.com/,0,0
991,2019,3,博多明太！ぴりからこちゃん,ぴりからこちゃん,Pirikarakochan,https://pirikarakochan.com/,0,0
992,2019,3,ナカノヒトゲノム【実況中】,ナカノヒトゲノム,nhg_anime,http://www.nhg-anime.com/,0,0
993,2019,3,Re:ステージ！ ドリームデイズ♪,Re:ステージ,rst_project,https://rst-anime.com/,0,0
994,2019,3,あんさんぶるスターズ！,あんさんぶるスターズ,stars_animation,https://ensemblestars-anime.com/,1,0
995,2019,3,からかい上手の高木さん2,からかい上手の高木さん,takagi3_anime,http://takagi3.me/,0,2
996,2019,3,指先から本気の熱情-幼なじみは消防士-,指先から本気の熱情,ComicFestaAnime,https://yubinetsu.cf-anime.com/,1,0
997,2019,3,BEM,BEM,newbem2019,https://newbem.jp/,0,0
998,2019,3,胡蝶綺 ～若き信長～,胡蝶綺,wakanobu_anime,http://wakanobu.com/,0,0
999,2019,3,可愛ければ変態でも好きになってくれますか？,可愛ければ変態でも好きになってくれますか,hensuki_anime,https://hensuki.com/,0,0
1000,2019,3,ありふれた職業で世界最強,ありふれた職業で世界最強,ARIFURETA_info,https://arifureta.com/,0,0
1001,2019,3,コップクラフト,コップクラフト,anime_copcraft,http://copcraft.tv/,0,0
1002,2019,3,異世界チート魔術師マジシャン,異世界チート魔術師マジシャン,isekai_cheat_tv,http://isekai-cheat-magician.com/,0,0
1003,2019,3,ギヴン,ギヴン,given_anime,http://given-anime.com/,0,0
1004,2019,3,まちカドまぞく,まちカドまぞく,machikado_staff,http://www.tbs.co.jp/anime/machikado/,0,0
1005,2019,3,とある科学の一方通行,とある科学の一方通行,toaru_project,https://toaru-project.com/accelerator/,0,1
1006,2019,3,通常攻撃が全体攻撃で二回攻撃のお母さんは好きですか？,通常攻撃が全体攻撃で二回攻撃のお母さんは好きですか？,okaasan_online,https://okaasan-online.com/,0,0
1007,2019,3,ダンジョンに出会いを求めるのは間違っているだろうかⅡ,ダンジョンに出会いを求めるのは間違っているだろうか,danmachi_anime,http://danmachi.com/danmachi2/,0,2
1008,2019,3,聖闘士星矢: Knights of the Zodiac,聖闘士星矢,saintseiyaanime,https://www.saintseiya-kotz.com/,0,0
1009,2019,3,ケンガンアシュラ,ケンガンアシュラ,kengankai,http://kengan.net/,0,0
1010,2019,3,トライナイツ,トライナイツ,try_knights,https://www.ntv.co.jp/tryknights/,1,0
1011,2019,4,ばなにゃ ふしぎななかまたち,ばなにゃ,bananya_anime,https://bananya.jp/,0,0
1012,2019,4,あひるの空,あひるの空,ahirunosora_tv,http://ahirunosora.jp/,0,0
1013,2019,4,ラディアン 第2シリーズ,ラディアン,nep_radiant,http://www.nhk.or.jp/anime/radiant/,0,2
1014,2019,4,浦島坂田船の日常,浦島坂田船の日常,USSS_info,http://nbcuni-music.com/urashimasakatasen/anime/index.html,1,99
1015,2019,4,旗揚！けものみち,旗揚,hatakemoanime,http://hataage-kemonomichi.com/,0,0
1016,2019,4,慎重勇者～この勇者が俺TUEEEくせに慎重すぎる～,慎重勇者,shincho_yusha,http://shincho-yusha.jp/,0,0
1017,2019,4,俺を好きなのはお前だけかよ,俺を好きなのはお前だけかよ,oresuki_anime,https://ore.ski,0,0
1018,2019,4,本好きの下剋上 司書になるためには手段を選んでいられません,本好きの下剋上,anime_booklove,http://booklove-anime.jp/,0,0
1019,2019,4,放課後さいころ倶楽部,放課後さいころ倶楽部,saikoro_club,http://saikoro-club.com/,0,0
1020,2019,4,超人高校生たちは異世界でも余裕で生き抜くようです！,超人高校生たちは異世界でも余裕で生き抜くようです,choyoyu_PR,http://choyoyu.com/,0,0
1021,2019,4,ゾイドワイルド ZERO,ゾイドワイルド,anime_zoidswild,https://anime-zoidswild-zero.jp/,0,2
1022,2019,4,厨病激発ボーイ,厨病激発ボーイ,chubyou_p,http://chubyou.net/index.html,1,0
1023,2019,4,ハイスコアガールII,ハイスコアガール,hi_score_girl,http://hi-score-girl.com/,0,2
1024,2019,4,アイカツオンパレード！,アイカツオンパレード,aikatsu_anime,https://www.tv-tokyo.co.jp/anime/aikatsuonparade/,0,4
1025,2019,4,魔入りました！入間くん,魔入りました,wc_mairuma,http://www6.nhk.or.jp/anime/topics/detail.html?i=5311,0,0
1026,2019,4,Fate/Grand Order -絶対魔獣戦線バビロニア-,FGO,FGOAP_ep7,https://anime.fate-go.jp/ep7-tv/,0,0
1027,2019,4,ぼくたちは勉強ができない！（第2期）,ぼくたちは勉強ができない！,bokuben_anime,https://boku-ben.com/,0,2
1028,2019,4,この音とまれ！第2クール,この音とまれ,konooto_anime,http://www.konooto-anime.jp/,1,2
1029,2019,4,警視庁 特務部 特殊凶悪犯対策室 第七課 -トクナナ-,トクナナ,tokunana_PR,http://tokunana.jp/,0,0
1030,2019,4,ACTORS -Songs Connection-,ACTORS,ACTORS_info,https://actors-anime.jp/,0,0
1031,2019,4,Fairy gone フェアリーゴーン 第2クール,フェアリーゴーン,fairygone,https://www.fairygone.com/,0,2
1032,2019,4,XL上司。,XL上司,ComicFestaAnime,https://xljoushi.cf-anime.com/,1,2
1033,2019,4,バビロン,バビロン,babylon_anime,https://babylon-anime.com/,0,0
1034,2019,4,アフリカのサラリーマン,アフリカのサラリーマン,afusara_P,http://afusara.com/,1,0
1035,2019,4,スタンドマイヒーローズ PIECE OF TRUTH,スタンドマイヒーローズ,myhero_anime,https://www.standmyheroes.tv/,1,0
1036,2019,4,私、能力は平均値でって言ったよね！,私、能力は平均値でって言ったよね,noukin_anime,https://noukin-anime.com/,0,0
1037,2019,4,BEASTARS,BEASTARS,bst_anime,https://www.bst-anime.com/,0,0
1038,2019,4,Z/X Code reunion,Z/X,zxtcg,https://www.zxtcg.com/animation/,0,0
1039,2019,4,七つの大罪 神々の逆鱗,七つの大罪,7_taizai,https://www.7-taizai.net/,0,3
1040,2019,4,ガンダムビルドダイバーズRe:RISE,ガンダムビルドダイバーズ,gundambd,http://gundam-bd.net/,0,2
1041,2019,4,アサシンズプライド,アサシンズプライド,assassins_anime,https://assassinspride-anime.com/,0,0
1042,2019,4,星合の空,星合の空,hoshiaino_sora,http://www.tbs.co.jp/anime/hoshiai/,0,0
1043,2019,4,食戟のソーマ 神ノ皿,食戟のソーマ,shokugeki_anime,http://shokugekinosoma.com/4thplate/,0,3
1044,2019,4,歌舞伎町シャーロック,歌舞伎町シャーロック,pipecat_kabuki,http://pipecat-kabukicho.jp/,0,0
1045,2019,4,僕のヒーローアカデミア 第4期,僕のヒーローアカデミア,heroaca_anime,http://heroaca.com/,0,4
1046,2019,4,ライフル・イズ・ビューティフル,ライフル・イズ・ビューティフル,rib_anime,https://chidori-high-school.com/,0,0
1047,2019,4,SUPER SHIRO,SUPER SHIRO,supershiro_info,https://www.shinchan-app.jp/super-shiro/,0,0
1048,2019,4,ちはやふる3,ちはやふる,chihaya_anime,https://www.ntv.co.jp/chihayafuru/,0,3
1049,2019,4,PSYCHO-PASS サイコパス 3,PSYCHO-PASS,psychopass_tv,http://psycho-pass.com/3rd/index.php,0,3
1050,2019,4,GRANBLUE FANTASY The Animation Season2,GRANBLUE FANTASY,anime_gbf,http://anime.granbluefantasy.jp/,0,2
1051,2019,4,ソードアート・オンライン アリシゼーション War of Underworld,ソードアート・オンライン,sao_anime,https://sao-alicization.net/,0,4
1052,2019,4,アズールレーン,アズールレーン,azurlane_anime,https://azurlane-anime.jp/,0,0
1053,2019,4,兄に付ける薬はない！3-快把我哥帯走3-,兄に付ける薬はない,anitsuke_info,http://anitsuke.com/,0,3
1054,2019,4,戦×恋(ヴァルラヴ),戦×恋,val_love_pr,https://val-love.com,0,0
1055,2019,4,神田川JET GIRLS,神田川ジェット,kjgpjt,http://kjganime.com/,0,0
1056,2019,4,ぬるぺた,ぬるぺた,nullpeta,http://nullpeta.com/,0,0
1057,2019,4,ノー・ガンズ・ライフ,ノー・ガンズ・ライフ,noguns_anime,http://nogunslife.com/,0,0
1058,2019,4,無限の住人-IMMORTAL-,無限の住人,mugen_immortal,https://mugen-immortal.com/,0,0
1059,2019,4,ファンタシースターオンライン2 エピソード・オラクル,ファンタシースターオンライン,ANIME_PSO2,https://pso2.jp/anime_eporacle/,0,2
1060,2019,4,ケンガンアシュラ Part2,ケンガンアシュラ,kengankai,http://kengan.net/,0,2
1061,2020,1,OBSOLETE(オブソリート),OBSOLETE,obsolete_anime,https://project-obsolete.com,0,0
1062,2020,1,斉木楠雄のΨ難 Ψ始動編,斉木楠雄のΨ難,saikikusuo_PR,https://www.saikikusuo.com/,0,4
1063,2020,1,ソマリと森の神様,ソマリと森の神様,somali_anime,http://somali-anime.com/,0,0
1064,2020,1,恋する小惑星,恋する小惑星,koiastv,http://koiastv.com,0,0
1065,2020,1,ダーウィンズゲーム,ダーウィンズゲーム,d_game_official,https://darwins-game.com,0,0
1066,2020,1,マギアレコード 魔法少女まどか☆マギカ外伝,マギアレコード,magireco,https://anime.magireco.com,0,1
1067,2020,1,りばあす(Reバース),りばあす,Rebirth_PR,https://rebirth-fy.com/anime/,0,0
1068,2020,1,八十亀ちゃんかんさつにっき 2さつめ,八十亀ちゃんかんさつにっき,yatogame_chan,https://yatogame.nagoya/,0,2
1069,2020,1,ID:INVADED イド:インヴェイデッド,イド:インヴェイデッド,idinvadedanim,https://id-invaded-anime.com/,0,0
1070,2020,1,pet,pet,pet_anime,https://pet-anime.com/,0,0
1071,2020,1,映像研には手を出すな！,映像研には手を出すな,Eizouken_anime,http://eizouken-anime.com/,0,0
1072,2020,1,おーばーふろぉ,おーばーふろぉ,CFAnime_MENS,https://overflow.cf-anime.com/,0,0
1073,2020,1,へやキャン△,へやキャン,yurucamp_anime,https://yurucamp.jp/heyacamp/,0,2
1074,2020,1,群れなせ！シートン学園,群れなせ！シートン学園,anime_seton,https://anime-seton.jp/,0,0
1075,2020,1,なつなぐ！,なつなぐ！,NatsunaguPR,https://twitter.com/NatsunaguPR,0,0
1076,2020,1,魔術士オーフェンはぐれ旅,魔術士オーフェンはぐれ旅,orphen25_tv,http://ssorphen-anime.com/,0,0
1077,2020,1,痛いのは嫌なので防御力に極振りしたいと思います。,痛いのは嫌なので防御力に極振りしたいと思います。,bofuri_anime,https://bofuri.jp/,0,0
1078,2020,1,number24,number24,number24_anime,https://number24-anime.com,1,0
1079,2020,1,プランダラ,プランダラ,plundereranime,http://plunderer-info.com/,0,0
1080,2020,1,空挺ドラゴンズ,空挺ドラゴンズ,kuteidragons_PR,https://drifting-dragons.jp,0,0
1081,2020,1,SHOW BY ROCK!! ましゅまいれっしゅ!!,SHOW BY ROCK!! ましゅまいれっしゅ!!,SB69A,https://showbyrock-anime-m.com/,0,4
1082,2020,1,ネコぱら,ネコぱら,nekopara_anime,https://nekopara-anime.com/ja/,0,0
1083,2020,1,インフィニット・デンドログラム,インフィニット・デンドログラム,dendro_anime,http://dendro-anime.jp/,0,0
1084,2020,1,宝石商リチャード氏の謎鑑定,宝石商リチャード氏の謎鑑定,jeweler_richard,https://jeweler-richard.com,1,0
1085,2020,1,はてな☆イリュージョン,はてな☆イリュージョン,hatena_anime,http://hatenaillusion-anime.com/,0,0
1086,2020,1,うちタマ?! ～うちのタマ知りませんか？～,うちタマ?! ,uchitama_anime,https://uchitama.com,0,0
1087,2020,1,推しが武道館いってくれたら死ぬ,推しが武道館いってくれたら死ぬ,anime_oshibudo,https://oshibudo.com,0,0
1088,2020,1,地縛少年花子くん,地縛少年花子くん,hanakokun_info,https://www.tbs.co.jp/anime/hanakokun/,0,0
1089,2020,1,とある科学の超電磁砲(レールガン)T,とある科学の超電磁砲,toaru_project,https://toaru-project.com/railgun_t/,0,3
1090,2020,1,理系が恋に落ちたので証明してみた。,理系が恋に落ちたので証明してみた,rikeigakoini,https://rikekoi.com,0,0
1091,2020,1,織田シナモン信長,織田シナモン信長,oda_shinamon,https://shinamon-nobunaga.com,0,0
1092,2020,1,ハイキュー!! TO THE TOP,ハイキュー,animehaikyu_com,https://haikyu.jp/,0,4
1093,2020,1,ランウェイで笑って,ランウェイで笑って,runway_anime,https://runway-anime.com,0,0
1094,2020,1,ぼくのとなりに暗黒破壊神がいます。,ぼくのとなりに暗黒破壊神がいます,bokuhaka_anime,http://bokuhaka-anime.com/,0,0
1095,2020,1,異種族レビュアーズ,異種族レビュアーズ,isyuzoku,https://isyuzoku.com,0,0
1096,2020,1,22/7,22/7,227anime,https://227anime.com,0,0
1097,2020,1,虚構推理,虚構推理,kyokou_suiri,https://kyokousuiri.jp,0,0
1098,2020,1,ドロヘドロ,ドロヘドロ,dorohedoro_PR,https://dorohedoro.net,0,0
1099,2020,1,ARP Backstage Pass,ARP Backstage Pass,arp_anime,http://arp-anime.com/,1,0
1100,2020,1,A3! SEASON SPRING & SUMMER,A3,mankai_anime,https://www.a3-animation.jp,1,0
1101,2020,1,異世界かるてっと2,異世界かるてっと,isekai_quartet,http://isekai-quartet.com/,0,2
1102,2020,1,BanG Dream! 3rd Season,バンドリ,bang_dream_info,https://anime.bang-dream.com/3rd/,0,3
1103,2020,1,フライングベイビーズ・プチ,フライングベイビーズ,hulaingbabies,https://hulaingbabies.com/,0,2
1104,2020,2,キングダム 第3シリーズ,キングダム,kingdom_animePR,https://kingdom-anime.com/,0,3
1105,2020,2,メジャーセカンド 第2シリーズ,メジャーセカンド,major2nd_tv,https://www.shopro.co.jp/tv/major2nd/,0,2
1106,2020,2,イエスタデイをうたって,イエスタデイをうたって,anime_yesterday,https://singyesterday.com/,0,0
1107,2020,2,やはり俺の青春ラブコメはまちがっている。完,やはり俺の青春ラブコメはまちがっている,anime_oregairu,https://www.tbs.co.jp/anime/oregairu/,0,3
1108,2020,2,ノー・ガンズ・ライフ 第2期,ノー・ガンズ・ライフ,noguns_anime,http://nogunslife.com/,0,2
1109,2020,2,ミュークルドリーミー,ミュークルドリーミー,mewkle_a,https://mewkledreamy.com/,0,0
1110,2020,2,フルーツバスケット 2nd season,フルーツバスケット,fruba_PR,https://fruba.jp/,1,2
1111,2020,2,シャドウバース,シャドウバース,shadowverse_anm,https://anime.shadowverse.jp/,0,0
1112,2020,2,四月一日さん家(第2期),四月一日さん家,watanukisanchi,https://watanukisantino.com/about2/,0,2
1113,2020,2,文豪とアルケミスト 〜審判ノ歯車〜,文豪とアルケミスト,Anime_BunAl,https://anime-bungo-alchemist.com/,1,0
1114,2020,2,ガル学。〜聖ガールズスクエア学院〜,ガル学,garugaku,https://garugaku.com/,1,0
1115,2020,2,デジモンアドベンチャー：,デジモンアドベンチャー,digimon_tv,http://www.toei-anim.co.jp/tv/digimon/,0,0
1116,2020,2,富豪刑事 Balance:UNLIMITED,富豪刑事,fugoukeiji_bul,https://fugoukeiji-bul.com/,1,0
1117,2020,2,BNA ビー・エヌ・エー,BNA,bna_anime,https://bna-anime.com/,0,0
1118,2020,2,ARGONAVIS from BanG Dream!,ARGONAVIS,ARGONAVIS_info,https://anime.argo-bdp.com/,1,0
1119,2020,2,波よ聞いてくれ,波よ聞いてくれ,namiyo_official,https://namiyo-anime.com/,0,0
1120,2020,2,LISTENERS リスナーズ,LISTENERS,listeners_PR,https://listeners.rocks/,0,0
1121,2020,2,ハクション大魔王２０２０,ハクション大魔王,hakushon_ytv,https://www.ytv.co.jp/hakushon2020/,0,0
1122,2020,2,食戟のソーマ 豪ノ皿,食戟のソーマ,shokugeki_anime,http://shokugekinosoma.com/5thplate/,0,5
1123,2020,2,かぐや様は告らせたい？～天才たちの恋愛頭脳戦～,かぐや様は告らせたい,anime_kaguya,https://kaguya.love/,0,2
1124,2020,2,かくしごと,かくしごと,kakushigoto_pr,https://kakushigoto-anime.com/,0,0
1125,2020,2,ギャルと恐竜,ギャルと恐竜,galkyo_info,http://galkyo.com/,0,0
1126,2020,2,グレイプニル,グレイプニル,gleipnir_anime,http://gleipnir-anime.com/,0,0
1127,2020,2,放課後ていぼう日誌,放課後ていぼう日誌,teibo_bu,https://teibotv.com/,0,0
1128,2020,2,球詠,球詠,tamayomi_PR,https://tamayomi.com/,0,0
1129,2020,2,継つぐもも,継つぐもも,tsugumomo_anime,http://tsugumomo.com/,0,2
1130,2020,2,アルテ,アルテ,arte_animation,http://arte-anime.com/,0,0
1131,2020,2,邪神ちゃんドロップキック’,邪神ちゃんドロップキック,jashinchan_PJ,http://jashinchan.com/,0,2
1132,2020,2,SAO アリシゼーションWoU,SAO,sao_anime,https://sao-alicization.net/,0,5
1133,2020,2,乙女ゲームの破滅フラグしかない悪役令嬢に転生してしまった…,乙女ゲームの破滅フラグ,hamehura,https://hamehura-anime.com/,0,0
1134,2020,2,八男って、それはないでしょう！,八男って、それはないでしょう,Hachinan_PR,http://hachinan-anime.com/,0,0
1135,2020,2,本好きの下剋上 第2部,本好きの下剋上,anime_booklove,http://booklove-anime.jp/,1,2
1136,2020,2,啄木鳥探偵處,啄木鳥探偵處,kitsutsuki_DO,https://kimikoe.com/kitsutsuki/,1,0
1137,2020,2,社長、バトルの時間です！,社長、バトルの時間です,schbt_anime,https://shachibato-anime.com/,0,0
1138,2020,2,白猫プロジェクト ZERO CHRONICLE,白猫プロジェクト,anime_wcatpj,https://colopl.co.jp/shironekoproject/animation/zero_chronicle/,0,0
1139,2020,2,プリンセスコネクト！Re:Dive,プリンセスコネクト,priconne_anime,https://anime.priconne-redive.jp/,0,0
1140,2020,2,アイドリッシュセブン Second BEAT!,アイドリッシュセブン,ID7_anime,https://idolish7.com/aninana/,1,2
1141,2020,2,新サクラ大戦,新サクラ大戦,anime_sst,https://sakura-taisen-theanimation.com/,0,0
1142,2020,2,ガンダムビルドダイバーズRe:RISE 2nd Season,ガンダムビルドダイバーズRe:RISE,gundambd,http://gundam-bd.net/,0,2
1143,2020,2,天晴爛漫！,天晴爛漫,appareranman,http://appareranman.com/,0,0
1144,2020,2,神之塔 -Tower of God-,神之塔,anime_ToG,https://tog-anime.com/,0,0
1145,2020,2,攻殻機動隊 SAC_2045,攻殻機動隊,gitssac2045,https://www.ghostintheshell-sac2045.jp/,0,0
1146,2020,2,7SEEDS 第2期,7SEEDS,7SEEDS_anime,http://7seeds.jp/,0,2
1147,2020,3,GREAT PRETENDER,GREAT PRETENDER,GrePre_anime,http://www.greatpretender.jp/,0,0
1148,2020,3,バキ 大擂台賽編,バキ 大擂台賽編,baki_anime,https://baki-anime.jp/,0,2
1149,2020,3,天晴爛漫(あっぱれらんまん)！,天晴爛漫,appareranman,http://appareranman.com/index.html,0,0
1150,2020,3,ド級編隊エグゼロス,ド級編隊エグゼロス,hxeros_anime,https://hxeros.com/,0,0
1151,2020,3,食戟のソーマ 豪ノ皿,食戟のソーマ,shokugeki_anime,http://shokugekinosoma.com/,0,5
1152,2020,3,Lapis Re:LiGHTs(ラピスリライツ),Lapis Re:LiGHTs,lapisrelights,https://www.lapisrelights.com/anime/,0,0
1153,2020,3,魔王学院の不適合者～史上最強の魔王の始祖、転生して子孫たちの学校へ通う～,魔王学院の不適合者,maohgakuin,https://maohgakuin.com/,0,0
1154,2020,3,巨人族の花嫁,巨人族の花嫁,CFAnime_BL,https://kyojinzoku.cf-anime.com/,1,0
1155,2020,3,超普通都市カシワ伝説R,超普通都市カシワ伝説R,kashiwaanime,https://kashiden.dekimachi.com/story/03r/,0,3
1156,2020,3,ムヒョとロージーの魔法律相談事務所 第2期,ムヒョとロージーの魔法律相談事務所,mahouritsuanime,https://mahouritsu.com/,0,2
1157,2020,3,放課後ていぼう日誌,放課後ていぼう日誌,teibo_bu,https://teibotv.com/index.html,0,0
1158,2020,3,日本沈没2020,日本沈没2020,japansinks2020,https://japansinks2020.com/,0,0
1159,2020,3,やはり俺の青春ラブコメはまちがっている。完,俺ガイル,anime_oregairu,http://www.tbs.co.jp/anime/oregairu/,0,3
1160,2020,3,彼女、お借りします,彼女、お借りします,kanokari_anime,https://kanokari-official.com/,0,0
1161,2020,3,GETUP! GETLIVE! #げらげら,GETUP! GETLIVE!,GETUP_GETLIVE,http://getup-getlive.com/,1,0
1162,2020,3,富豪刑事 Balance:UNLIMITED,富豪刑事,fugoukeiji_bul,https://fugoukeiji-bul.com/,0,0
1163,2020,3,宇崎ちゃんは遊びたい!,宇崎ちゃんは遊びたい,uzakichan_asobi,https://uzakichan.com/,0,0
1164,2020,3,うまよん,うまよん,uma_musu,https://umamusume.jp/umayon/,0,2
1165,2020,3,炎炎ノ消防隊 弐ノ章,炎炎ノ消防隊,FireForce_PR,https://fireforce-anime.jp/,0,2
1166,2020,3,THE GOD OF HIGH SCHOOL,THE GOD OF HIGH SCHOOL,GohAnimeJP,http://goh-anime.com/,0,0
1167,2020,3,ジビエート,ジビエート,gibiateproject,https://gibiate.com/anime/jp/,0,0
1168,2020,3,デカダンス,デカダンス,decadence_anime,http://decadence-anime.com/,0,0
1169,2020,3,ピーター・グリルと賢者の時間,ピーター・グリルと賢者の時間,petergrillanime,http://petergrill-anime.jp/,0,0
1170,2020,3,モンスター娘のお医者さん,モンスター娘のお医者さん,mon_isha_anime,https://mon-isha-anime.com/,0,0
1171,2020,3,Re:ゼロから始める異世界生活 第2期,Re:ゼロから始める異世界生活,Rezero_official,http://re-zero-anime.jp/tv/,0,2
1172,2020,3,ソードアート・オンライン アリシゼーション War of Underworld,ソードアート・オンライン,sao_anime,https://sao-alicization.net/,0,4
1173,2020,3,ノー・ガンズ・ライフ(第2期),ノー・ガンズ・ライフ,noguns_anime,http://nogunslife.com/,0,2
1174,2020,3,恋とプロデューサー〜EVOL×LOVE〜,恋とプロデューサー,koipro_anime,https://koipro-anime.love/,1,0
1175,2020,3,文豪とアルケミスト 〜審判ノ歯車〜,文豪とアルケミスト,Anime_BunAl,https://anime-bungo-alchemist.com/,1,0
1176,2020,4,ドラゴンズドグマ,ドラゴンズドグマ,DD_CAPCOM,https://www.netflix.com/jp/title/80992784,0,0
1177,2020,4,最響カミズモード！,最響カミズモード！,kamizmode,http://kamizmode-anime.com/,0,0
1178,2020,4,ひぐらしのなく頃に,ひぐらしのなく頃に,higu_anime,https://higurashianime.com/,0,3
1179,2020,4,アサルトリリィ Bouquet,アサルトリリィ,assaultlily_pj,https://anime.assaultlily-pj.com/,0,0
1180,2020,4,魔女の旅々,魔女の旅々,majotabi_PR,https://majotabi.jp/,0,0
1181,2020,4,兄に付ける薬はない！4-快把我哥帯走4-,兄に付ける薬はない！,anitsuke_info,https://anitsuke.com/,0,4
1182,2020,4,100万の命の上に俺は立っている,100万の命の上に俺は立っている,1000000_lives,http://1000000-lives.com/,1,0
1183,2020,4,『ヒプノシスマイク -Division Rap Battle-』Rhyme Anima,ヒプノシスマイク,hypnosismic_RA,https://hypnosismic-anime.com/,1,0
1184,2020,4,ダンジョンに出会いを求めるのは間違っているだろうかlll,ダンジョンに出会いを求めるのは間違っているだろうか,danmachi_anime,http://danmachi.com/danmachi3/,0,3
1185,2020,4,レヱル・ロマネスク,レヱル・ロマネスク,rail_romanesque,https://railromanesque.jp/,0,0
1186,2020,4,トニカクカワイイ,トニカクカワイイ,tonikawa_anime,http://tonikawa.com/,0,0
1187,2020,4,キングスレイド 意志を継ぐものたち,キングスレイド,kingsraid_anime,https://www.anime-kings-raid.com/,0,0
1188,2020,4,呪術廻戦,呪術廻戦,animejujutsu,https://jujutsukaisen.jp/,1,0
1189,2020,4,犬と猫どっちも飼ってると毎日たのしい,犬と猫どっちも飼ってると毎日たのしい,tva_dog_and_cat,https://dog-and-cat.com/,0,0
1190,2020,4,ハイキュー!! TO THE TOP 第2クール,ハイキュー,animehaikyu_com,https://haikyu.jp/,1,5
1191,2020,4,ドラゴンクエスト ダイの大冒険,ダイの大冒険,DQ_DAI_anime,https://dq-dai.com/,0,0
1192,2020,4,半妖の夜叉姫,半妖の夜叉姫,hanyo_yashahime,http://hanyo-yashahime.com/,0,0
1193,2020,4,戦翼のシグルドリーヴァ,戦翼のシグルドリーヴァ,sigururi,https://sigururi.com/,0,0
1194,2020,4,魔法科高校の劣等生 来訪者編,魔法科高校の劣等生,mahouka_anime,https://mahouka.jp/,0,2
1195,2020,4,いわかける！ - Sport Climbing Girls -,いわかける,iwakakeru_anime,http://iwakakeru-anime.com/,0,0
1196,2020,4,無能なナナ,無能なナナ,munounanana,https://munounanana.com/,0,0
1197,2020,4,かえるのピクルス - きもちのいろ -,かえるのピクルス,pickles_anime,https://pickles-anime.com/,0,0
1198,2020,4,神達に拾われた男,神達に拾われた男,kamihiro_anime,https://kamihiro-anime.com/,0,0
1199,2020,4,まえせつ！,まえせつ！,maesetsu_anime,https://maesetsu.jp/,0,0
1200,2020,4,秘密結社 鷹の爪 ～ゴールデン・スペル～,秘密結社 鷹の爪,_takanotsume_,http://鷹の爪.jp/gs/,0,7
1201,2020,4,エタニティ ～深夜の濡恋ちゃんねる♡〜,エタニティ,Eternity_Anime,https://eternity-nurechan.com/,1,0
1202,2020,4,ゴールデンカムイ(第3期),ゴールデンカムイ,kamuy_anime,https://kamuy-anime.com/,0,3
1203,2020,4,One Room サードシーズン,One Room,anime_one_room,https://oneroom-anime.com/,0,3
1204,2020,4,魔王城でおやすみ,魔王城でおやすみ,maoujo_anime,https://maoujo-anime.com/,0,0
1205,2020,4,池袋ウエストゲートパーク,池袋ウエストゲートパーク,iwgp_anime,https://iwgp-anime.com/,0,0
1206,2020,4,くま クマ 熊 ベアー,くま クマ 熊 ベアー,kumabear_anime,https://kumakumakumabear.com/,0,0
1207,2020,4,ストライクウィッチーズ ROAD to BERLIN,ストライクウィッチーズ,RtbWitch,http://w-witch.jp/strike_witches-rtb/,0,4
1208,2020,4,ツキウタ。 THE ANIMATION 2,ツキウタ,tsukiani_info,https://tsukiani.com/,0,2
1209,2020,4,キミと僕の最後の戦場、あるいは世界が始まる聖戦,キミと僕の最後の戦場,kimisen_project,https://kimisentv.com/,0,0
1210,2020,4,NOBLESSE -ノブレス-,NOBLESSE,noblesse_jp,https://noblesse-anime.com/,0,0
1211,2020,4,アクダマドライブ,アクダマドライブ,akudamadrive,https://akudama-drive.com/,0,0
1212,2020,4,ぐらぶるっ！,ぐらぶるっ,granbluefantasy,https://guraburu.granbluefantasy.jp/,0,3
1213,2020,4,安達としまむら,安達としまむら,adashima_staff,https://www.tbs.co.jp/anime/adashima/,0,0
1214,2020,4,アニメ カピバラさん,アニメ カピバラさん,FROM_TRYWORKS,https://anime-kapibarasan.com/,0,99
1215,2020,4,ご注文はうさぎですか？ BLOOM,ご注文はうさぎですか？ ,usagi_anime,https://gochiusa.com/bloom/,0,3
1216,2020,4,体操ザムライ,体操ザムライ,taiso_samurai,https://taiso-samurai.com/,0,0
1217,2020,4,憂国のモリアーティ,憂国のモリアーティ,moriarty_anime,https://moriarty-anime.com/,1,0
1218,2020,4,おちこぼれフルーツタルト,おちこぼれフルーツタルト,ochifuru_anime,http://ochifuru-anime.com/,0,0
1219,2020,4,A3! SEASON AUTUMN ＆ WINTER,A3,mankai_anime,https://www.a3-animation.jp/,1,2
1220,2020,4,おそ松さん 第3期,おそ松さん,osomatsu_PR,https://osomatsusan.com/,1,3
1221,2020,4,禍つヴァールハイト -ZUERST-,禍つヴァールハイト -ZUERST-,magatsu_anime,https://magatsu-wahrheit-zuerst.com,0,0
1222,2020,4,大人にゃ恋の仕方がわからねぇ！,大人にゃ恋の仕方がわからねぇ,ComicFestaAnime,https://otokoi.cf-anime.com/,1,99
1223,2020,4,神様になった日,神様になった日,kamisama_Ch_AB,https://kamisama-day.jp/,0,3
1224,2020,4,D4DJ First Mix,D4DJ,D4DJ_pj,https://anime.d4dj-pj.com/,0,0
1225,2020,4,ラブライブ！虹ヶ咲学園スクールアイドル同好会,ラブライブ！,LoveLive_staff,http://www.lovelive-anime.jp/nijigasaki,0,5
1226,2020,4,アイドリッシュセブン Second BEAT！,アイドリッシュセブン,ID7_anime,https://idolish7.com/aninana/,1,2
